ID,Pair, Entry Price,Action,SL,TP,Time Open,Time Closed
07ba101d-d144-4477-ab80-fa93cd4689c2,USD/JPY,147.1,Buy,0,1,9/14/2023 3:35:55 PM,9/14/2023 5:38:37 PM,
a8ed5177-35af-4943-87d4-c2e8d04eae24,Gold,1911.48,Sell,0,1,9/13/2023 5:44:34 AM,9/14/2023 12:30:12 PM,
030a3deb-9048-403b-98b5-3622800b7b7f,EUR/USD,1.0742,Sell,0,1,9/13/2023 6:40:59 AM,9/14/2023 12:15:41 PM,
a66da9c2-8ee3-4bae-a478-64987819e0b1,GBP/USD,1.2495,Sell,0,1,9/14/2023 2:27:14 AM,9/14/2023 10:09:34 AM,
377517ec-7f61-4089-8055-460b6ce7a1e2,NZD/USD,0.5919,Sell,0,1,9/11/2023 11:08:52 AM,9/13/2023 2:43:48 AM,
1b5d9872-9ab7-48b2-8d8a-94bcc774e2e0,USD/JPY,146.35,Buy,0,1,9/11/2023 2:43:49 PM,9/12/2023 12:24:42 PM,
c5eac5f5-653f-457e-abc2-e50cefba9529,EUR/USD,1.0739,Sell,0,1,9/12/2023 5:55:08 AM,9/12/2023 11:32:24 AM,
effd1ce5-eaae-4019-8e56-03b5c049a4bd,Gold,1923,Sell,0,1,9/7/2023 12:05:37 PM,9/12/2023 11:02:34 AM,
a40b9a5d-9501-47a2-9155-d99180709e7f,GBP/USD,1.2523,Buy,1,0,9/11/2023 5:11:23 AM,9/12/2023 7:44:43 AM,
2a2dc2d6-5f84-467f-95c2-c359fc9c9c72,BTC/USD,27157.1,Buy,1,0,8/30/2023 4:12:06 PM,9/11/2023 2:46:46 PM,
bdee507e-70d6-40b0-87d9-d66d0cca799c,EUR/USD,1.0728,Buy,0,1,9/11/2023 5:06:39 AM,9/11/2023 2:23:03 PM,
da84515a-5038-47f3-9b72-f8d39a66e122,EUR/GBP,0.859,Sell,0,1,9/7/2023 2:18:37 PM,9/11/2023 1:30:07 PM,
0db4ecac-286f-45d1-9048-d2d458155556,EUR/USD,1.071,Buy,0,1,9/8/2023 5:21:56 AM,9/8/2023 2:07:20 PM,
2e941f8b-b926-4bc0-9981-9b753b7bd51a,EUR/USD,1.0731,Buy,1,0,9/6/2023 5:39:32 AM,9/7/2023 12:33:53 PM,
153086d8-d124-4ce3-b413-9a0812d11351,Gold,1917.96,Buy,0,1,9/7/2023 4:59:00 AM,9/7/2023 10:04:26 AM,
2290030f-c0ad-4210-b07d-1a8987d18c34,GBP/USD,1.2503,Sell,0,1,9/6/2023 10:36:33 PM,9/7/2023 7:10:56 AM,
9cb85a80-1cfa-4f6e-a945-9d0bc155ebcb,USD/JPY,147.35,Buy,0,1,9/6/2023 5:12:47 AM,9/6/2023 2:02:06 PM,
b65afbff-95fd-43a9-adcb-3331b39d9726,Gold,1926.58,Buy,1,0,9/6/2023 5:27:25 AM,9/6/2023 1:01:00 PM,
83cbffbc-95bf-476d-bf82-79801478106a,USD/CAD,1.3611,Buy,0,1,9/5/2023 1:19:58 PM,9/5/2023 2:43:17 PM,
863afbf6-9b68-49d4-bc01-515819e17843,EUR/GBP,0.8568,Sell,0,1,9/1/2023 2:37:40 PM,9/5/2023 2:08:36 PM,
4e7c09ac-4478-40fc-b744-37f37e21dac0,USOil,84.894,Buy,0,1,9/5/2023 12:33:14 PM,9/5/2023 1:00:21 PM,
578535e2-015b-4e47-acbe-d81112ed8fb5,Gold,1944.16,Buy,1,0,9/4/2023 5:43:21 AM,9/5/2023 11:28:38 AM,
b27e0e79-d283-49ef-9185-efac55dd134c,EUR/USD,1.078,Buy,1,0,9/4/2023 5:57:19 AM,9/5/2023 10:58:05 AM,
3901910c-877d-4d67-b5c5-ac3337df7daa,USD/CHF,0.8847,Buy,0,1,9/4/2023 2:06:27 PM,9/5/2023 7:54:41 AM,
e31d6c38-64e6-4f50-84cf-1bbf4cb8850e,Gold,1945.69,Sell,0,1,8/31/2023 1:03:12 PM,9/1/2023 2:19:25 PM,
bf39f73f-2ec9-4469-9d87-fbf8654662c7,GBP/AUD,1.957,Sell,0,1,8/30/2023 11:13:43 AM,9/1/2023 12:50:33 PM,
d3a6e319-27d9-4ddf-aaef-2e8959845556,EUR/USD,1.084,Buy,0,1,9/1/2023 5:20:14 AM,9/1/2023 12:31:28 PM,
b434d240-0fb3-4117-9f92-951f3a276fc3,USD/JPY,145.91,Buy,0,1,8/31/2023 1:05:39 PM,8/31/2023 1:52:30 PM,
b6ca2e37-06e1-4525-88cb-7f4ffa0ac9e7,USD/CAD,1.3556,Sell,0,1,8/31/2023 11:27:40 AM,8/31/2023 12:31:49 PM,
31b96ef9-3b58-4426-8036-d4cc8ba98f84,EUR/GBP,0.8605,Sell,0,1,8/29/2023 6:55:35 PM,8/31/2023 7:11:41 AM,
f71e0000-6191-4200-b979-5681caa320cb,USD/JPY,146.25,Sell,0,1,8/30/2023 9:27:15 PM,8/31/2023 1:03:12 AM,
f641263e-ca6d-4202-abf6-3862d3437f5a,USD/JPY,145.9,Sell,1,0,8/30/2023 3:05:50 PM,8/30/2023 7:56:12 PM,
6d5f68a6-7a71-435d-b4ae-202f5e2f342c,Gold,1937.08,Sell,1,0,8/30/2023 5:36:44 AM,8/30/2023 12:15:23 PM,
218106b7-399c-4f1f-9f08-a3899ebc2558,AUD/USD,0.6426,Sell,1,0,8/28/2023 4:08:47 PM,8/29/2023 3:35:42 PM,
c32d3284-c200-47ce-a786-21ce2b2b91bd,Gold,1922.46,Buy,0,1,8/29/2023 4:41:00 AM,8/29/2023 2:05:05 PM,
40dcb5a3-804c-42c0-8f3f-97290395ee05,EUR/USD,1.081,Buy,0,1,8/28/2023 6:08:51 AM,8/29/2023 2:02:20 PM,
35b19355-5c47-4844-b82f-b79e686e5ba6,GBP/USD,1.2618,Buy,1,0,8/29/2023 4:58:31 AM,8/29/2023 12:17:02 PM,
015f983e-3052-40d2-9434-d72c98fe0d0c,Gold,1915.01,Buy,0,1,8/28/2023 6:08:34 AM,8/28/2023 3:36:02 PM,
545559a1-1f3b-439f-834e-6a5d30a40acd,EUR/GBP,0.8557,Sell,1,0,8/23/2023 1:45:17 PM,8/28/2023 7:52:49 AM,
096c2f7e-bc90-4245-8796-5d45cde6d71c,Gold,1919.8,Buy,1,0,8/24/2023 5:07:44 AM,8/25/2023 2:44:24 PM,
56444b96-0ddf-469b-a6b0-e63ca7de4585,USD/JPY,146.043,Sell,0,1,8/25/2023 5:21:11 AM,8/25/2023 2:04:45 PM,
46fb048f-3484-476e-8fa4-82d4c0ee58d5,EUR/USD,1.0787,Sell,1,0,8/25/2023 5:15:50 AM,8/25/2023 2:03:55 PM,
25609762-2a10-4090-be51-43f4bdf40a16,USD/JPY,145.62,Buy,0,1,8/24/2023 3:19:34 PM,8/24/2023 5:00:35 PM,
d9a198c8-1aef-4963-af32-abaad9e34847,USOil,78.814,Sell,0,1,8/23/2023 6:42:40 PM,8/24/2023 1:10:23 PM,
5761e21a-1ff8-4d25-adbe-5244f819d841,EUR/USD,1.0858,Sell,0,1,8/23/2023 6:34:21 PM,8/24/2023 12:37:47 PM,
f569ec3f-fd72-4da3-81ba-867a16f4ff9a,NZD/USD,0.5971,Sell,0,1,8/23/2023 3:08:15 PM,8/24/2023 9:41:11 AM,
94370316-7b86-4f07-a748-3a2a2d2c1117,USD/CAD,1.3554,Buy,1,0,8/23/2023 3:22:23 PM,8/24/2023 3:25:23 AM,
3954a049-9d35-4458-a719-561a692abb8c,Gold,1895.47,Sell,1,0,8/21/2023 9:22:04 PM,8/23/2023 1:24:40 PM,
6b5845be-c045-4f47-9267-bdf4f3a7b4a4,GBP/USD,1.275,Buy,1,0,8/23/2023 5:55:25 AM,8/23/2023 7:37:48 AM,
041ebb4c-0149-4a51-8711-0abe92d8779e,EUR/USD,1.0857,Buy,1,0,8/23/2023 5:44:50 AM,8/23/2023 7:33:45 AM,
e1a01e8b-a1a4-4b8b-914e-ddf5c747d1a7,GBP/USD,1.2728,Buy,0,1,8/22/2023 2:24:12 PM,8/23/2023 7:00:59 AM,
554098d7-c412-4a5a-a74a-834f1331cc5a,AUD/USD,0.6449,Sell,0,1,8/22/2023 11:48:48 AM,8/22/2023 1:43:36 PM,
5e6af214-6009-4032-a542-2dd77c7b61ed,EUR/GBP,0.8553,Sell,0,1,8/21/2023 2:28:55 PM,8/22/2023 10:26:16 AM,
dcbb70e9-c278-4c8a-b88f-4c515258ddea,AUD/USD,0.6416,Sell,1,0,8/21/2023 12:19:04 PM,8/22/2023 9:57:48 AM,
80284211-c86b-4710-85ce-d4f22ad65945,GBP/USD,1.2767,Buy,0,1,8/22/2023 5:06:29 AM,8/22/2023 7:48:31 AM,
d06dca50-8058-46fe-942e-3cf2f1953119,EUR/USD,1.09,Buy,0,1,8/22/2023 4:59:14 AM,8/22/2023 7:42:38 AM,
c9a1ea56-d0f3-4d9f-93ab-52257257ae48,Gold,1890.7,Buy,0,1,8/21/2023 4:11:40 AM,8/21/2023 1:02:25 PM,
db9b3086-c83c-4907-8f0a-40a3a4227f9f,EUR/USD,1.0878,Buy,0,1,8/21/2023 4:31:36 AM,8/21/2023 11:20:28 AM,
dcfbeb92-0339-4c63-a046-48c3ba57d348,Gold,1894.5,Sell,0,1,8/18/2023 4:40:05 AM,8/21/2023 1:36:43 AM,
7bd38c75-093a-40d4-816f-b9d37445d2a1,AUD/USD,0.641,Sell,0,1,8/18/2023 2:09:32 PM,8/18/2023 9:00:21 PM,
5e765bed-e692-415b-9049-408ebd15a27c,USD/JPY,145.44,Buy,0,1,8/18/2023 11:06:45 AM,8/18/2023 12:25:06 PM,
9efbbdd8-8e89-48ce-9da1-f4aa2678ba23,EUR/USD,1.0888,Sell,0,1,8/18/2023 4:41:29 AM,8/18/2023 12:20:42 PM,
df67e088-727e-4d0d-a009-ec8b3432f094,BTC/USD,29421.68,Buy,1,0,8/10/2023 4:03:25 PM,8/17/2023 9:41:56 PM,
fd4c4f58-1239-466a-8c65-f6d5f4eac9ac,USD/CAD,1.3508,Buy,0,1,8/17/2023 12:52:48 PM,8/17/2023 5:43:25 PM,
9a5569b1-cb34-4f0c-ae7a-aac097757744,AUD/USD,0.6437,Sell,0,1,8/17/2023 12:50:01 PM,8/17/2023 5:34:21 PM,
faa53572-4a23-4ebd-a889-56ea05bee77f,Gold,1901.58,Buy,1,0,8/16/2023 4:50:39 AM,8/17/2023 5:02:35 PM,
08937ac3-36ff-4a76-8b90-71690f955815,ETH/USD,1845.78,Buy,1,0,7/24/2023 1:32:58 PM,8/17/2023 3:40:02 PM,
436a5fca-82c8-40aa-bf08-666695fa8e4d,USD/JPY,145.84,Buy,0,1,8/17/2023 12:51:10 PM,8/17/2023 2:32:02 PM,
b2319808-0bc2-4854-8cec-a9b5cb2317e5,EUR/USD,1.087,Sell,1,0,8/17/2023 5:36:17 AM,8/17/2023 12:37:03 PM,
99912b9a-73e9-44ad-80a5-18b3d9f64c70,GBP/USD,1.2735,Buy,0,1,8/16/2023 5:45:33 PM,8/17/2023 11:48:12 AM,
b9e010a4-2b76-4ec1-9777-1c8ebb0828a3,AUD/USD,0.6388,Sell,1,0,8/17/2023 5:40:41 AM,8/17/2023 10:21:43 AM,
4ed33aad-a2d9-4ec1-9181-971b32e06c36,USOil,81.058,Buy,1,0,8/15/2023 12:50:14 PM,8/16/2023 4:47:17 PM,
d0da3745-0d2b-4f56-a002-a3898357f6ed,EUR/USD,1.0922,Sell,0,1,8/15/2023 8:01:47 AM,8/16/2023 4:16:26 PM,
46e84230-8e9d-48e9-a614-1ee94393895c,AUD/USD,0.6464,Sell,0,1,8/16/2023 10:35:28 AM,8/16/2023 4:09:50 PM,
cee0ac3c-3aa2-4bcc-a722-18f16f698d53,AUD/USD,0.6477,Sell,0,1,8/15/2023 1:41:00 PM,8/16/2023 12:33:44 AM,
5311e670-ee9a-4d44-a562-a8a1b0216b6a,USD/CAD,1.3462,Buy,0,1,8/15/2023 1:45:09 PM,8/15/2023 4:38:49 PM,
5049c552-be3c-4638-85c3-8c8b63b72158,USD/JPY,145.47,Buy,0,1,8/15/2023 11:39:05 AM,8/15/2023 12:30:16 PM,
28475de2-1dfb-43ea-aaca-bb90d3f0a9e8,Gold,1905.88,Sell,0,1,8/15/2023 7:59:39 AM,8/15/2023 10:28:53 AM,
9dcc582e-93d1-4452-a740-c94debc6b9f7,USD/JPY,145.31,Buy,0,1,8/14/2023 2:46:31 PM,8/15/2023 6:16:17 AM,
7ea36c7c-889e-4451-bb62-3b7cacbf4574,Gold,1909.01,Sell,1,0,8/14/2023 3:03:00 PM,8/14/2023 4:07:42 PM,
48b11c87-2302-49d7-bf2a-41fda6f08723,AUD/USD,0.6493,Sell,0,1,8/14/2023 11:17:25 AM,8/14/2023 1:32:03 PM,
f5d2aa5a-658a-45c1-b736-848f260dfe2d,GBP/USD,1.2676,Sell,0,1,8/14/2023 4:59:26 AM,8/14/2023 12:49:37 PM,
8b1f270b-66a3-4123-a801-5ea347e2746b,Gold,1913.1,Sell,0,1,8/14/2023 5:10:44 AM,8/14/2023 12:11:32 PM,
a6f1160b-9177-42b7-89a5-cde2efb6b915,USOil,82.39,Buy,0,1,8/11/2023 1:37:28 PM,8/11/2023 4:13:02 PM,
72857f5f-d717-438b-9f17-afb2a33a089b,NZD/USD,0.6009,Sell,0,1,8/11/2023 9:34:10 AM,8/11/2023 3:45:56 PM,
082ed05c-c165-4f33-b3de-6ea43f7f8485,Gold,1918.19,Sell,0,1,8/11/2023 9:39:18 AM,8/11/2023 12:45:12 PM,
39419685-2ac6-44b9-966c-b59991001116,USOil,83.412,Buy,1,0,8/10/2023 12:57:55 PM,8/11/2023 7:05:40 AM,
46b5ce26-3d65-41a0-846e-efd1ec8e1933,USD/CAD,1.339,Buy,0,1,8/10/2023 12:59:18 PM,8/10/2023 4:59:20 PM,
5f54d9fb-c335-48c1-8bdf-3ba6ae9c527d,Gold,1930,Sell,0,1,8/10/2023 12:32:11 PM,8/10/2023 1:23:58 PM,
dd305712-e89a-4465-93d3-c4ebbe4b1400,NZD/USD,0.6064,Sell,1,0,8/8/2023 8:10:51 PM,8/10/2023 12:30:37 PM,
39be79a4-53be-4b31-95f3-0f8b93d0adc4,USD/JPY,143.77,Buy,1,0,8/10/2023 10:47:31 AM,8/10/2023 12:30:12 PM,
960108c1-ad1b-4542-880e-4fd807e21ea7,EUR/USD,1.097,Buy,0,1,8/9/2023 5:06:57 AM,8/10/2023 7:03:33 AM,
ead727b6-d3ee-471f-b349-23899ece35fd,USD/CAD,1.3415,Buy,0,1,8/8/2023 8:07:49 PM,8/9/2023 12:16:24 PM,
c43793aa-edae-40d5-83b6-0593f21776c2,Gold,1931.6,Sell,0,1,8/9/2023 5:03:11 AM,8/9/2023 8:24:13 AM,
972c3041-a997-4c61-9bb5-0b90ea188ecc,AUD/USD,0.6525,Sell,1,0,8/8/2023 3:40:33 PM,8/9/2023 6:32:38 AM,
854165dd-e50b-4596-96e4-982e518ac4b0,USOil,80.324,Buy,0,1,8/8/2023 11:20:54 AM,8/8/2023 3:14:34 PM,
a77d6320-8a34-4c7f-b6cc-54687ce72c0f,Gold,1937.36,Sell,0,1,8/3/2023 4:36:57 AM,8/8/2023 11:51:06 AM,
4810cc23-8478-4773-8826-a8d09df5cf3f,EUR/USD,1.1,Buy,1,0,8/7/2023 3:09:09 AM,8/8/2023 10:32:59 AM,
6344e184-2749-49ae-a0fd-a3d27fe71dbe,USD/CAD,1.3375,Buy,0,1,8/7/2023 2:40:02 PM,8/8/2023 6:05:19 AM,
72ff027e-e484-4fb1-82f4-045faa617269,USD/JPY,142.48,Buy,0,1,8/3/2023 4:44:31 PM,8/8/2023 1:55:28 AM,
002a0002-57f8-44e9-a7cb-40fb1c65401d,GBP/USD,1.2737,Sell,1,0,8/7/2023 4:56:34 AM,8/7/2023 1:01:54 PM,
61d957d5-918a-40ba-9335-33041ac77e5d,USD/CAD,1.3351,Buy,0,1,8/4/2023 2:58:17 PM,8/4/2023 6:54:39 PM,
fa0a119d-2290-45ee-801c-9e70a5b3049d,EUR/CHF,0.9587,Buy,0,1,8/2/2023 2:53:04 PM,8/4/2023 2:59:02 PM,
304b26f5-6898-47dc-85bc-c011ffe6f857,AUD/USD,0.6559,Sell,1,0,8/3/2023 4:31:52 PM,8/4/2023 1:31:57 PM,
46ae9199-1ce6-4d90-8083-2b604d156b57,EUR/USD,1.0925,Sell,1,0,8/3/2023 4:49:03 AM,8/4/2023 12:30:28 PM,
22eef872-94e1-42bd-b1dd-6c34ce6e1b20,USD/CHF,0.8776,Buy,1,0,8/2/2023 3:10:18 PM,8/3/2023 3:18:26 PM,
bdda1117-6620-4bbd-9656-2e46c7079143,USOil,79.85,Buy,0,1,8/2/2023 2:39:26 PM,8/3/2023 1:00:57 PM,
97bf32b0-0c35-47fa-875b-5c784161c149,EUR/USD,1.0982,Buy,1,0,8/2/2023 3:44:49 AM,8/2/2023 2:10:19 PM,
5a0cd88b-fd38-45a1-b487-b815c0997c80,Gold,1950.79,Sell,0,1,8/2/2023 3:39:42 AM,8/2/2023 2:10:01 PM,
6113903a-3b46-4432-9f57-4ed3a72d7380,AUD/USD,0.6614,Sell,0,1,8/2/2023 2:32:17 AM,8/2/2023 4:45:27 AM,
33605085-8a75-4de6-b072-10929ef0e50d,USD/JPY,143.33,Buy,1,0,8/1/2023 4:39:27 PM,8/1/2023 9:54:08 PM,
44a31c34-7282-43d4-9eaa-5928999925a5,EUR/USD,1.0989,Sell,0,1,8/1/2023 4:26:59 AM,8/1/2023 12:16:07 PM,
2af602c0-fd59-4f08-ae48-18d49446361e,Gold,1963.01,Sell,0,1,8/1/2023 4:26:11 AM,8/1/2023 7:41:42 AM,
bdface29-9c09-44a0-94b2-9b1a059d04f2,AUD/USD,0.6685,Sell,0,1,8/1/2023 4:54:34 AM,8/1/2023 6:54:24 AM,
ea426b7d-9137-4623-b89c-0b31aafc2353,EUR/USD,1.1031,Sell,0,1,7/28/2023 3:21:05 PM,7/31/2023 6:10:30 PM,
8804e4b0-abcd-4d35-a797-3487dc6ab61f,Gold,1954.14,Sell,1,0,7/28/2023 5:10:42 AM,7/31/2023 1:34:43 PM,
0e4650e8-4ac6-4eb4-844d-a1a7b8c82880,NZD/USD,0.6167,Sell,1,0,7/28/2023 12:03:25 PM,7/31/2023 12:31:14 PM,
a5b5404c-77c5-4de2-8464-baa6cd497ff5,USD/JPY,140.37,Buy,0,1,7/28/2023 2:33:34 PM,7/28/2023 3:42:07 PM,
93e3289d-e41c-428f-b06c-e9e498cf7f16,EUR/GBP,0.8585,Sell,0,1,7/28/2023 2:33:01 AM,7/28/2023 9:26:15 AM,
4aedffdc-a3c6-405f-965d-8cc45aac53b4,USOil,79.443,Buy,0,1,7/28/2023 2:36:01 AM,7/28/2023 6:21:03 AM,
961d595e-1971-46ab-9d3c-321213f91e5e,Gold,1945.03,Buy,0,1,7/27/2023 6:58:00 PM,7/27/2023 10:26:52 PM,
ee10a8db-bd03-4c87-a35e-13984f3ed574,Gold,1945.57,Sell,1,0,7/27/2023 2:28:06 PM,7/27/2023 5:13:12 PM,
63b3eeb6-c111-422f-8683-396ef2a2f6a6,GBP/USD,1.2866,Sell,0,1,7/27/2023 3:39:19 PM,7/27/2023 4:18:15 PM,
a84baa33-636a-4936-85d8-fdf51b48447d,USD/JPY,139.95,Sell,1,0,7/27/2023 9:11:38 AM,7/27/2023 12:30:12 PM,
c3a42833-6a0d-4b49-88fe-642ffd749b55,EUR/USD,1.1103,Sell,1,0,7/27/2023 6:50:20 AM,7/27/2023 9:01:48 AM,
939d21d2-dbb2-4226-9752-19269f9c5779,Gold,1973,Buy,0,1,7/27/2023 6:32:07 AM,7/27/2023 7:43:02 AM,
f1bece77-30c1-4535-b732-000d7465fe3f,USOil,78.62,Buy,0,1,7/26/2023 7:44:41 PM,7/27/2023 2:03:00 AM,
21caf3cb-577d-4845-8546-5b76dc989b91,Gold,1963.37,Sell,1,0,7/25/2023 3:19:33 PM,7/26/2023 6:40:38 PM,
e343e906-756b-4037-bb79-b739848ef770,EUR/USD,1.106,Buy,0,1,7/26/2023 7:13:10 AM,7/26/2023 6:39:58 PM,
fe68af59-bd2e-4950-85ea-fb5087b8b245,USOil,78.53,Buy,0,1,7/26/2023 12:05:49 PM,7/26/2023 2:24:05 PM,
55fcb085-28a9-44fc-8203-43edb742c3d8,AUD/USD,0.6774,Sell,0,1,7/26/2023 6:47:55 AM,7/26/2023 12:01:16 PM,
83d25ce4-7811-47b9-90ae-777c78e9379f,USD/JPY,140.93,Buy,1,0,7/25/2023 10:43:05 PM,7/26/2023 8:06:37 AM,
5de7995b-04d2-4125-935d-c65ae3f6dc94,GBP/USD,1.2854,Sell,1,0,7/25/2023 3:11:08 PM,7/25/2023 6:58:26 PM,
39d333f0-00fe-43dd-a8c8-64331f5d0cba,USOil,78.57,Buy,0,1,7/25/2023 12:19:56 PM,7/25/2023 2:20:30 PM,
fc0c0767-35c7-47bc-8d3d-fded4a65b037,Gold,1962.89,Sell,0,1,7/25/2023 12:13:16 PM,7/25/2023 2:00:08 PM,
e8211401-e636-43f0-bfef-db06b1a3798c,USD/CAD,1.3169,Sell,1,0,7/25/2023 2:28:44 AM,7/25/2023 1:20:04 PM,
d91b9cc9-446e-47aa-b516-d75d0f436d12,USOil,78.57,Buy,0,1,7/25/2023 10:21:18 AM,7/25/2023 11:16:22 AM,
cf2e0352-3b9a-4276-ab36-9c2d8f50c797,Gold,1963.75,Sell,0,1,7/25/2023 5:04:12 AM,7/25/2023 11:11:44 AM,
2662c438-eeaa-4dd2-948c-b93c0f2af1c4,GBP/USD,1.2823,Sell,1,0,7/24/2023 7:29:54 PM,7/25/2023 7:26:04 AM,
502910ca-7add-4641-96fd-4d0afd5544e7,USD/JPY,141.27,Buy,0,1,7/25/2023 2:17:40 AM,7/25/2023 7:18:29 AM,
1fa618c4-36c1-4622-aed8-c76fb3176595,Gold,1969.14,Buy,1,0,7/20/2023 8:06:16 PM,7/24/2023 6:18:03 PM,
abe578a7-5bfd-4f3d-9778-ce5f92bdfca2,EUR/USD,1.1095,Sell,0,1,7/24/2023 11:13:54 AM,7/24/2023 3:16:33 PM,
39b58f2b-e1f3-48f0-8866-24f237c79053,USD/JPY,141.04,Buy,0,1,7/24/2023 1:26:12 PM,7/24/2023 2:18:42 PM,
90c58ac0-d678-4c69-95fe-52f778787a9d,BTC/USD,30293.2,Buy,1,0,7/16/2023 12:18:55 PM,7/24/2023 9:50:10 AM,
b25aa613-3d37-4fef-9a86-e6eee712fb23,GBP/USD,1.2867,Buy,1,0,7/24/2023 6:08:24 AM,7/24/2023 8:30:08 AM,
4f7be84e-d7f1-496d-b4ee-226fcc83d638,EUR/USD,1.1125,Buy,1,0,7/24/2023 6:02:50 AM,7/24/2023 7:34:31 AM,
8699183a-2adb-4598-ad04-b3aaaac7c0ac,USD/JPY,141.37,Buy,0,1,7/21/2023 1:41:12 PM,7/21/2023 2:00:31 PM,
8b5ec757-22fb-46e6-b9b6-683f77688223,EUR/USD,1.1144,Sell,0,1,7/21/2023 6:07:14 AM,7/21/2023 1:49:18 PM,
cb105250-ba96-4ef8-8032-487bbed35e1b,USD/JPY,141.69,Buy,1,0,7/21/2023 10:24:59 AM,7/21/2023 12:46:14 PM,
fbd534f6-9a8f-40c7-92b9-4df83caaf73c,GBP/USD,1.2862,Sell,0,1,7/21/2023 10:22:15 AM,7/21/2023 11:57:21 AM,
f2535630-aeea-4748-9205-d3257694eef3,GBP/USD,1.2898,Buy,1,0,7/21/2023 6:13:52 AM,7/21/2023 8:16:09 AM,
fca5eb7f-b7c2-40b5-968d-98d0221d5864,EUR/GBP,0.8685,Buy,1,0,7/19/2023 2:27:16 PM,7/21/2023 6:00:10 AM,
1a205e4a-cd1b-478f-b158-887935fe9bd9,Gold,1970.89,Sell,0,1,7/20/2023 6:50:52 PM,7/20/2023 8:05:25 PM,
a088fc0f-f02d-4ad4-8745-138ebb74be46,EUR/JPY,156.49,Buy,1,0,7/19/2023 2:33:57 PM,7/20/2023 5:17:42 PM,
9296ac2f-43ac-41dd-a6fd-f52696582dcf,Gold,1968.56,Sell,0,1,7/20/2023 3:48:48 PM,7/20/2023 4:24:38 PM,
a486fe3c-7bfa-4c80-8580-3cd3286a1ad5,Gold,1070.23,Sell,1,0,7/20/2023 3:39:05 PM,7/20/2023 3:39:07 PM,
b94a0767-6a50-4387-a5b3-b296438dfc04,Gold,1976.45,Sell,0,1,7/20/2023 2:05:44 PM,7/20/2023 2:07:35 PM,
33e09530-e224-4936-aff4-5b5529e76130,Gold,1980.58,Buy,1,0,7/20/2023 12:17:05 PM,7/20/2023 12:30:13 PM,
8f59a6df-30ac-463c-a4c5-daa26ee76284,EUR/USD,1.1225,Sell,0,1,7/20/2023 5:20:39 AM,7/20/2023 12:08:09 PM,
9da17066-381c-4b8d-ae27-e9c05a43302d,GBP/USD,1.2935,Sell,0,1,7/19/2023 7:05:42 PM,7/20/2023 10:09:16 AM,
9cc88c99-a69c-431a-bbdb-dbb9557ebf21,USD/JPY,139.53,Buy,1,0,7/19/2023 3:16:21 PM,7/20/2023 1:48:10 AM,
9f7f179c-cbc1-4ac4-a56d-c91d89c1c374,NZD/USD,0.6263,Sell,1,0,7/19/2023 9:59:05 PM,7/20/2023 1:46:55 AM,
91d0b0e9-3605-4b1a-b027-d32692793413,AUD/USD,0.6765,Sell,1,0,7/19/2023 11:50:42 AM,7/20/2023 1:30:06 AM,
4a85f47f-7889-4558-aecb-08f5da8106e6,Gold,1976.88,Sell,0,1,7/19/2023 1:21:10 PM,7/19/2023 2:14:13 PM,
201fef98-3ff2-400d-8299-d6635f4d522e,Gold,1976.85,Buy,0,1,7/19/2023 1:03:43 PM,7/19/2023 1:04:57 PM,
875a79b2-c8a6-4edd-a129-dab8e83785d8,EUR/JPY,156.9,Buy,1,0,7/19/2023 11:49:08 AM,7/19/2023 12:29:05 PM,
d646d008-8a80-4d37-9ec0-f7074f522001,Gold,1977.64,Buy,1,0,7/19/2023 9:14:19 AM,7/19/2023 11:14:33 AM,
0cae103e-3cd1-486c-896f-07b71dbb6665,USD/JPY,138.36,Sell,1,0,7/17/2023 9:44:21 AM,7/19/2023 9:04:26 AM,
087cf112-c293-41cd-8d46-356e376c0586,Gold,1977.64,Buy,1,0,7/18/2023 4:54:44 PM,7/19/2023 6:44:39 AM,
93c292f1-6374-4c59-9e2d-61f4023d4b64,AUD/USD,0.6808,Sell,0,1,7/18/2023 12:39:22 PM,7/19/2023 6:39:28 AM,
72785650-102a-4c07-8863-4c9985be9e7d,GBP/USD,1.3096,Buy,1,0,7/18/2023 5:47:28 AM,7/18/2023 3:40:21 PM,
95b7db81-caee-4b25-9d1c-60a052a20eb5,AUD/USD,0.682,Sell,0,1,7/17/2023 3:28:11 PM,7/18/2023 12:16:58 PM,
4f2ae809-405c-41dc-8eb7-6076ab18ed39,Gold,1959.39,Buy,0,1,7/18/2023 5:45:42 AM,7/18/2023 7:12:52 AM,
c62a3c5b-53d8-47ac-aa3b-0280017fa142,EUR/USD,1.1226,Sell,1,0,7/14/2023 6:00:51 AM,7/18/2023 7:08:08 AM,
34cb697a-c392-41df-86d6-d4dac41c4fcb,Gold,1953.42,Sell,1,0,7/17/2023 2:24:32 PM,7/18/2023 1:22:33 AM,
46027c60-5a4b-4e6a-9390-3adf3871ff4b,GBP/USD,1.3092,Sell,0,1,7/17/2023 5:38:17 AM,7/17/2023 12:42:14 PM,
8c1f7414-0df7-4e3f-99df-8c8c9a8dc0df,Gold,1958.9,Sell,0,1,7/13/2023 5:50:29 AM,7/17/2023 7:22:13 AM,
38959d25-fc81-4d5b-ab87-0ee69f77e897,BTC/USD,31386,Sell,0,1,7/14/2023 5:50:17 AM,7/14/2023 5:19:37 PM,
92cd7d9f-84e0-4dfb-857d-1f683f49d7bd,AUD/USD,0.6893,Sell,0,1,7/14/2023 6:00:12 AM,7/14/2023 6:57:03 AM,
6d84cc30-fa1c-4711-8f94-e06e43667321,BTC/USD,31390,Sell,0,1,7/14/2023 5:48:58 AM,7/14/2023 5:48:58 AM,
fb5b8b2e-216c-4f74-a50a-e74a4beedbdf,BTC/USD,30728.45,Buy,0,1,7/4/2023 11:53:35 PM,7/13/2023 7:28:22 PM,
56f55be4-ce2d-4a03-b675-516fe1bd461e,ETH/USD,1847.61,Buy,0,1,7/7/2023 11:50:56 AM,7/13/2023 4:10:40 PM,
7e1faaee-fca8-4729-a023-af0c75c07e04,EUR/USD,1.1135,Buy,0,1,7/13/2023 6:16:14 AM,7/13/2023 8:27:40 AM,
a2084a8b-9204-468b-b8d9-fa61effafa7e,AUD/USD,0.6804,Buy,0,1,7/13/2023 5:54:05 AM,7/13/2023 6:59:02 AM,
1ca7013b-7ad7-489b-8813-5c30624d4b32,EUR/USD,1.1141,Sell,0,1,7/13/2023 5:52:28 AM,7/13/2023 6:15:34 AM,
499cdd65-be99-460b-89d5-a23e850f66a7,AUD/USD,0.6705,Buy,0,1,7/12/2023 5:23:45 AM,7/12/2023 12:31:07 PM,
be1b3e12-3d09-4341-84d6-58a5bb43a4c1,Gold,1936.54,Buy,0,1,7/12/2023 5:12:14 AM,7/12/2023 12:30:55 PM,
4c8ca372-d005-42bd-9a99-373a86363e78,EUR/USD,1.1015,Buy,0,1,7/11/2023 5:24:59 AM,7/12/2023 12:30:11 PM,
9f4ffeaa-fd65-4703-b304-fb2519852b1a,AUD/USD,0.6689,Sell,0,1,7/11/2023 5:46:47 AM,7/11/2023 12:21:23 PM,
60c37280-df95-454f-bd3e-c961f7657176,Gold,1927.64,Buy,0,1,7/11/2023 5:15:11 AM,7/11/2023 6:40:19 AM,
6c97f5f0-c4c2-4b0c-a013-eff25f82f2cb,USD/JPY,143.04,Buy,1,0,7/7/2023 12:55:38 PM,7/10/2023 1:50:50 PM,
d29c1c79-d392-4f65-9d01-62d60c8fd0d2,Gold,1923.2,Sell,0,1,7/10/2023 4:56:18 AM,7/10/2023 12:43:18 PM,
91430833-de02-4663-a261-19fa3a105518,AUD/USD,0.667,Sell,0,1,7/10/2023 5:10:03 AM,7/10/2023 9:13:24 AM,
0004f265-6b65-4d8e-b512-28f91f65174d,Gold,1927.08,Buy,1,0,7/7/2023 4:14:32 PM,7/10/2023 12:13:55 AM,
9b2993c1-b0a0-4af6-a4f6-c130c9a1a2a0,NZD/USD,0.617,Sell,1,0,7/6/2023 11:23:11 PM,7/7/2023 2:40:48 PM,
429d23c5-84ca-4ca5-ba43-f73bfb6787fa,GBP/USD,1.273,Buy,0,1,6/27/2023 5:56:13 AM,7/7/2023 2:34:51 PM,
e3a25206-d8db-446f-baaf-3a4dfcd67b72,USOil,70.32,Sell,1,0,7/3/2023 11:26:17 PM,7/7/2023 2:01:10 PM,
c4056ebc-c34b-448c-88b5-756a1e55e58c,EUR/USD,1.089,Buy,0,1,7/7/2023 4:54:44 AM,7/7/2023 12:34:34 PM,
45ad400e-31de-43e7-af29-145086b04a71,USD/JPY,143.24,Buy,1,0,7/7/2023 11:46:37 AM,7/7/2023 12:30:06 PM,
cc970ced-2f09-4d1c-8d01-51d66977e4bd,USD/JPY,144.44,Buy,1,0,7/5/2023 11:11:59 PM,7/7/2023 8:33:52 AM,
b4c30b9b-2686-4bd6-a444-c577ac2f89dc,Gold,1912,Sell,0,1,7/6/2023 4:01:16 PM,7/6/2023 5:33:22 PM,
04fad799-3174-4dbf-9560-9e243d329339,USD/CAD,1.328,Sell,1,0,7/6/2023 11:24:26 AM,7/6/2023 12:31:12 PM,
bef28279-8c45-46f2-91b9-769359e1bfd8,NZD/USD,0.6192,Buy,0,1,7/4/2023 11:14:22 PM,7/6/2023 11:23:00 AM,
e55b1e34-328f-413a-a4a0-014a2a2c5f3b,Gold,1919.18,Buy,0,1,7/6/2023 5:58:09 AM,7/6/2023 10:29:14 AM,
02f3f610-4d04-4f1d-ad5e-de2a2cf88a3d,USD/JPY,144.22,Buy,0,1,7/5/2023 2:09:07 PM,7/5/2023 3:09:13 PM,
10b070fd-4620-406d-92f5-7defe9a2df04,Gold,1928.31,Sell,0,1,7/5/2023 9:08:04 AM,7/5/2023 2:37:55 PM,
5d90c74d-9217-431a-af44-b3c2480c0acb,ETH/USD,1950.75,Buy,1,0,7/4/2023 5:06:17 AM,7/5/2023 12:59:25 PM,
2be9498d-8855-4de2-a5f7-12ef52969972,USD/JPY,144.37,Buy,0,1,7/4/2023 3:53:10 PM,7/5/2023 5:59:32 AM,
0b56ccfe-c570-451c-b25f-71937ad9e197,EUR/USD,1.0908,Buy,1,0,7/3/2023 5:57:02 AM,7/5/2023 5:10:45 AM,
06b051c2-8ed3-449f-97e7-16c6a3d29e27,USD/CAD,1.3257,Buy,1,0,7/3/2023 12:32:19 PM,7/4/2023 12:15:04 PM,
c412af19-98bf-4707-8e83-932752bada76,Gold,1922.18,Buy,0,1,7/4/2023 4:02:48 AM,7/4/2023 9:24:02 AM,
b1e93371-ae32-4c2b-8e0b-b41f9028bd82,ETH/USD,1954.75,Buy,1,0,7/4/2023 5:05:12 AM,7/4/2023 5:05:18 AM,
22f47d52-cd15-46c6-b472-e298cebe63c5,USD/JPY,144.41,Buy,0,1,7/3/2023 2:51:49 PM,7/3/2023 5:54:51 PM,
4e3e179f-37a3-42a9-9713-c6eca0832065,USD/JPY,144.65,Buy,1,0,7/3/2023 12:41:14 PM,7/3/2023 2:00:06 PM,
066264b2-e539-4ece-98f2-51e6382a1bfa,Gold,1912.47,Sell,1,0,6/30/2023 1:11:04 PM,7/3/2023 1:51:49 PM,
d9a0e4fa-9957-47e7-a9d4-a8f436e86a90,USD/JPY,144.47,Buy,0,1,6/30/2023 12:57:15 PM,7/3/2023 6:43:27 AM,
2c4d53d7-7b0c-40f3-b3c5-bd418a9806b9,ETH/USD,1658,Buy,0,1,6/16/2023 1:08:54 PM,7/2/2023 10:27:32 PM,
3ff451de-90d1-4988-94a0-41dba1d5c816,EUR/USD,1.092,Sell,0,1,6/30/2023 5:35:53 PM,6/30/2023 8:21:22 PM,
1ef16786-0839-4411-a7e4-8dc02432c4f4,NZD/USD,0.6066,Sell,1,0,6/29/2023 1:25:19 PM,6/30/2023 12:42:38 PM,
26da57e6-6d81-4938-ad4c-41f51e1aa3e1,EUR/JPY,157.02,Buy,0,1,6/30/2023 11:52:26 AM,6/30/2023 12:34:56 PM,
513c8ec3-83c0-42e9-8e21-38207799c169,Gold,1910.98,Sell,0,1,6/29/2023 3:03:47 PM,6/29/2023 5:22:17 PM,
0fac03e5-b13f-4cfc-a903-447ea1714c49,USD/JPY,144.42,Buy,0,1,6/29/2023 3:43:24 AM,6/29/2023 12:37:16 PM,
bd1da017-3cbb-429f-af8a-67bde966cb1d,Gold,1914.83,Buy,1,0,6/28/2023 6:01:17 AM,6/29/2023 12:34:31 PM,
3d614e42-221f-48c7-b744-3e946ea83a9b,USOil,68.89,Sell,1,0,6/29/2023 11:44:21 AM,6/29/2023 11:51:01 AM,
73cd0283-119d-4d56-b9e2-b548ec154e96,Gold,1911.25,Sell,0,1,6/28/2023 3:58:37 PM,6/28/2023 8:44:03 PM,
708886aa-e395-466a-acb2-089d4a60ef80,EUR/USD,1.0947,Buy,1,0,6/28/2023 6:11:37 AM,6/28/2023 2:48:06 PM,
1be19772-fef6-4e04-b2d8-7f9b5e167c25,USD/JPY,144.14,Buy,0,1,6/28/2023 11:50:35 AM,6/28/2023 12:52:33 PM,
4111428d-a384-46f1-be11-deb5d77a4c5e,EUR/GBP,0.8586,Sell,1,0,6/27/2023 1:49:13 AM,6/28/2023 10:54:12 AM,
c26327be-6d0f-4dc6-9ff5-b432ae2fc176,USD/CAD,1.3179,Sell,1,0,6/27/2023 1:39:19 PM,6/28/2023 4:49:15 AM,
e7fa704f-c6ca-4ded-a424-30cbfac1dc89,Silver,22.896,Buy,0,1,6/28/2023 3:44:25 AM,6/28/2023 4:25:14 AM,
068c6f91-6fe6-49f0-a112-e409ff246f33,NZD/USD,0.617,Buy,1,0,6/27/2023 10:34:15 AM,6/28/2023 1:37:46 AM,
be2f79bd-b2d0-441b-9b4e-23af2d40eea0,USD/JPY,143.4,Buy,0,1,6/27/2023 12:15:31 PM,6/27/2023 2:01:39 PM,
51a3126e-a301-4b47-b504-5e11b01b7ebb,USD/CHF,0.896,Sell,0,1,6/26/2023 7:29:02 PM,6/27/2023 12:38:08 PM,
cf4ad556-609e-459b-8e3e-5f59c6f13331,Gold,1927.08,Sell,0,1,6/27/2023 5:55:33 AM,6/27/2023 9:30:35 AM,
60f803fd-d33f-4d24-bc53-99986625d1fb,NZD/USD,0.6145,Sell,1,0,6/23/2023 4:58:18 PM,6/27/2023 2:52:11 AM,
354e1ddc-8161-4aad-95b8-d463b2e5502f,EUR/USD,1.0892,Sell,1,0,6/23/2023 2:23:40 PM,6/27/2023 1:49:13 AM,
c2e3c95d-b1eb-49e5-91b5-049ef575bdeb,Gold,1929.78,Sell,0,1,6/26/2023 1:28:38 PM,6/26/2023 1:49:01 PM,
159a5511-1ea5-4c59-b3d6-9a73ae50d6f6,GBP/USD,1.2735,Buy,1,0,6/26/2023 9:09:27 AM,6/26/2023 11:34:07 AM,
d9101885-122c-477a-a870-15e66b189cfb,Gold,1925.27,Sell,1,0,6/26/2023 2:50:32 AM,6/26/2023 8:00:16 AM,
226926d4-bd43-404b-acb7-7b443d584b97,Gold,1927.36,Sell,0,1,6/26/2023 5:58:34 AM,6/26/2023 6:26:26 AM,
3e529373-893f-4ceb-b6b4-bc4cfb9cd932,Gold,1932.15,Sell,0,1,6/23/2023 2:16:27 PM,6/23/2023 3:07:54 PM,
3b81ec9d-00ce-42a6-a0a3-7447494c8d3d,Gold,1922.99,Sell,1,0,6/23/2023 12:44:40 PM,6/23/2023 1:45:02 PM,
bceb4bb9-18ce-418f-a14a-3b75cbb4a071,USD/CAD,1.3184,Sell,1,0,6/23/2023 2:56:43 AM,6/23/2023 12:42:27 PM,
b10da7d9-5182-43bd-b405-5c8193fb22da,Gold,1914.58,Buy,0,1,6/23/2023 5:55:52 AM,6/23/2023 7:30:41 AM,
441a2600-bdfe-487f-ac4b-0d1955356b3c,EUR/USD,1.08978,Buy,1,0,6/23/2023 7:16:16 AM,6/23/2023 7:30:19 AM,
f7a32e79-3a23-4c76-9979-548eee3ddec9,EUR/USD,1.0988,Buy,1,0,6/22/2023 4:56:58 AM,6/23/2023 1:40:16 AM,
43480c8b-5de2-4ad3-a603-1d612139c953,USD/CHF,0.8963,Sell,0,1,6/22/2023 7:21:22 PM,6/22/2023 9:00:22 PM,
b78da160-b74f-4ed0-ba40-bdbf1cbe3e0b,Gold,1919.1,Sell,0,1,6/22/2023 2:46:11 PM,6/22/2023 2:58:03 PM,
39369f5d-dbd6-423b-8790-4bf3d907df20,Gold,1929.45,Sell,0,1,6/22/2023 12:37:47 PM,6/22/2023 12:45:30 PM,
a6288a50-17d2-4c4d-9f3f-6f2d9fe9aaa0,EUR/GBP,0.8589,Sell,1,0,6/21/2023 1:43:51 PM,6/22/2023 11:10:50 AM,
acd55872-d6c1-4c70-b532-41d90ca20ed5,USD/JPY,141.74,Buy,0,1,6/22/2023 7:30:14 AM,6/22/2023 10:25:48 AM,
28f2fad1-c8af-43f2-adc8-9202969841a9,Gold,1932.99,Sell,0,1,6/22/2023 4:39:50 AM,6/22/2023 4:59:49 AM,
e542adee-e265-4c10-8c18-3dd4c9e546e3,AUD/USD,0.6794,Sell,0,1,6/21/2023 4:36:06 PM,6/22/2023 4:59:08 AM,
e8e5a43f-b33e-418e-a9bd-2d43ca3d2d62,EUR/JPY,154.68,Buy,0,1,6/21/2023 4:31:09 AM,6/21/2023 2:04:45 PM,
020bb0c7-944f-4f14-858c-4624ab38aa82,USD/JPY,141.81,Buy,0,1,6/21/2023 5:32:06 AM,6/21/2023 8:00:15 AM,
382eb5fc-e16b-4278-b20e-7adc827eda0c,Gold,1935.93,Sell,0,1,6/21/2023 4:54:41 AM,6/21/2023 6:03:58 AM,
b980eb6b-527c-412e-b84c-217bec40d9b4,EUR/USD,1.0935,Sell,0,1,6/20/2023 6:19:07 AM,6/20/2023 2:24:21 PM,
8f32b40a-eb6d-4012-9f3a-24c3562fd047,Gold,1950.23,Buy,0,1,6/20/2023 11:55:35 AM,6/20/2023 12:14:04 PM,
3bfe5773-255d-4239-9494-10601b0848bf,GBP/USD,1.2833,Sell,0,1,6/19/2023 6:04:00 AM,6/20/2023 11:52:36 AM,
25fc7e6c-917c-4cef-81ff-9a8ddde096c8,GBP/USD,1.2797,Buy,1,0,6/19/2023 3:30:00 PM,6/20/2023 11:11:34 AM,
10e111a1-08c9-467a-8035-ccdf0af92b4a,USD/JPY,141.95,Buy,1,0,6/20/2023 6:37:18 AM,6/20/2023 8:38:15 AM,
8c2bf06b-da95-4ab5-b102-390133a5881e,Gold,1949.19,Sell,1,0,6/20/2023 6:06:43 AM,6/20/2023 6:41:38 AM,
89713a71-5c76-4cc6-9ad1-339568557eb7,AUD/USD,0.6845,Buy,1,0,6/19/2023 11:43:41 AM,6/20/2023 2:09:40 AM,
bce10a70-d136-4dba-bafc-105506e16224,Gold,1957.28,Sell,0,1,6/15/2023 2:26:21 PM,6/19/2023 10:52:30 AM,
f5795a1c-ed5d-4e68-a6b5-6bdf4a1c4dbc,AUD/USD,0.6845,Buy,0,1,6/19/2023 4:35:23 AM,6/19/2023 7:38:33 AM,
9af8aacd-e313-4409-b7cc-d02c3e37599f,AUD/USD,0.6874,Buy,1,0,6/16/2023 4:58:22 AM,6/16/2023 9:00:03 PM,
50cabf92-0c2e-479b-a4f0-6552529c996b,USD/JPY,141.2,Buy,0,1,6/16/2023 12:56:56 PM,6/16/2023 2:12:55 PM,
8318adf6-1eda-4fde-ba07-204e4468869d,Gold,1958.53,Sell,1,0,6/16/2023 5:27:11 AM,6/16/2023 12:37:32 PM,
2a34344b-0041-43bc-8a5e-14235eb48253,GBP/USD,1.278,Sell,1,0,6/16/2023 4:45:11 AM,6/16/2023 11:52:54 AM,
9ba5cdca-d5cf-444d-b9c2-ccd437bcdbd9,USD/JPY,140.3,Buy,1,0,6/15/2023 5:52:28 PM,6/16/2023 1:42:37 AM,
3a00acd6-c239-41f4-90cb-d258841ef38d,USD/CHF,0.9055,Buy,1,0,6/5/2023 4:27:26 PM,6/15/2023 2:04:39 PM,
769681ea-d593-4a89-9238-5b43b3e91b46,Gold,1940,Sell,1,0,6/15/2023 1:25:28 PM,6/15/2023 2:04:08 PM,
6d736650-e516-4b7d-af56-01d134b8578b,NZD/USD,0.6181,Buy,0,1,6/15/2023 9:14:57 AM,6/15/2023 1:47:06 PM,
8bf00a3c-8532-410a-bf99-9f3f85bd73dd,AUD/USD,0.6795,Buy,0,1,6/15/2023 11:40:23 AM,6/15/2023 1:20:10 PM,
e0facd8d-e913-4c78-b955-115fc629dd75,BTC/USD,25103,Sell,0,1,6/15/2023 5:36:36 AM,6/15/2023 11:17:29 AM,
8076fcc6-4de5-4f6a-9391-b2fad3cf3a2b,Gold,1933.87,Sell,0,1,6/15/2023 6:50:07 AM,6/15/2023 7:01:34 AM,
02848cf9-0242-44bf-8041-337d50d5939f,BTC/USD,26785,Buy,1,0,6/1/2023 3:42:11 PM,6/14/2023 8:49:44 PM,
1f71246b-8767-4dbb-ad89-1deff95eb7b2,ETH/USD,1831.45,Buy,1,0,5/9/2023 3:48:02 PM,6/14/2023 8:06:35 PM,
3fac6d9d-c93b-4f5a-870a-984363462cdb,Gold,1956.89,Sell,0,1,6/14/2023 1:30:20 PM,6/14/2023 6:00:19 PM,
69882dac-873c-4e9c-881c-1b56c80232ad,Gold,1947.57,Buy,0,1,6/14/2023 4:50:40 AM,6/14/2023 12:42:13 PM,
ea16ca40-329b-41ca-b829-48b6cee75107,AUD/USD,0.6768,Buy,0,1,6/13/2023 8:16:12 PM,6/14/2023 12:37:51 PM,
0e0a1970-124e-4406-8755-87b4d15aa623,EUR/GBP,0.8599,Sell,0,1,6/13/2023 6:35:04 AM,6/13/2023 2:14:13 PM,
8bd70578-d5fb-4697-b2db-ba1707de7f16,USD/CAD,1.3355,Sell,0,1,6/12/2023 1:56:18 PM,6/13/2023 12:30:27 PM,
f9fbfa1f-3c16-4dc1-83d7-9234b654a0d5,Gold,1959.08,Buy,0,1,6/13/2023 4:50:04 AM,6/13/2023 12:30:17 PM,
25dc565f-effd-4246-90ae-6e108e7fc5e3,EUR/USD,1.0776,Buy,0,1,6/13/2023 4:51:10 AM,6/13/2023 7:37:20 AM,
f403b670-d19d-4100-89f3-2e9c643f01f3,Gold,1955.88,Sell,1,0,6/12/2023 4:16:08 PM,6/12/2023 11:14:09 PM,
d15785c6-d5fb-46c2-b516-7b8f97682090,Gold,1959.35,Sell,0,1,6/12/2023 4:44:27 AM,6/12/2023 1:50:22 PM,
6b567a29-b764-42f7-b331-aa26cbae7d9b,EUR/USD,1.0737,Buy,0,1,6/12/2023 4:58:24 AM,6/12/2023 7:52:36 AM,
7700c878-e9c2-41c9-9ad2-6b081f5b0d99,USD/CAD,1.3347,Sell,1,0,6/9/2023 6:32:47 PM,6/9/2023 9:01:16 PM,
e51ad068-3d54-435e-9879-a17ca8afc084,USD/CAD,1.3316,Buy,0,1,6/9/2023 2:19:16 PM,6/9/2023 3:56:58 PM,
6aff5c4a-ac5e-41fe-b5cd-42d77f765936,EUR/USD,1.078,Sell,0,1,6/9/2023 5:00:51 AM,6/9/2023 3:33:18 PM,
ab99e120-4b3c-4e6c-b22b-a472b37bacf5,Gold,1965.58,Sell,0,1,6/9/2023 5:17:57 AM,6/9/2023 1:42:14 PM,
8b8d97a7-f64b-4036-84c4-3cc01661596d,EUR/USD,1.0711,Sell,1,0,6/7/2023 12:32:51 PM,6/8/2023 12:31:12 PM,
f45d0e79-22cf-41a3-a72c-d61fe1088c71,USD/JPY,139.79,Buy,1,0,6/8/2023 5:22:13 AM,6/8/2023 12:30:13 PM,
fe9e95a4-5cf5-4513-a82a-c02098a142e8,GBP/USD,1.2452,Buy,0,1,6/8/2023 5:32:16 AM,6/8/2023 12:27:02 PM,
c56e6cd7-5d47-4ecd-b776-4275b588a667,Gold,1945.62,Buy,0,1,6/8/2023 4:28:37 AM,6/8/2023 8:40:16 AM,
fbb0deb4-3fa9-47d5-b144-408616ba2744,Gold,1958.69,Sell,0,1,6/5/2023 4:38:01 PM,6/7/2023 3:45:07 PM,
64447e1b-fdf0-4ac7-8e3f-2e3e011e5b81,EUR/USD,1.0711,Sell,0,1,6/7/2023 12:31:48 PM,6/7/2023 3:18:37 PM,
e34428b0-a363-491a-a149-1e23cf4591a8,USD/JPY,139.47,Sell,0,1,6/7/2023 1:32:42 PM,6/7/2023 1:55:06 PM,
25e4fb17-2664-4f6d-aefb-1072a5c1bda3,EUR/USD,1.0679,Sell,1,0,6/7/2023 6:39:40 AM,6/7/2023 10:55:45 AM,
5add46c9-12ca-4445-9b22-3b29ad6f6efc,EUR/USD,1.0722,Buy,1,0,6/6/2023 6:09:11 AM,6/6/2023 11:55:29 AM,
76bada7c-8296-4e08-8383-558de405eb5d,EUR/USD,1.0713,Sell,0,1,6/5/2023 3:27:24 PM,6/6/2023 10:25:06 AM,
dce77e4f-19b1-48dd-a18e-3c788dca7c63,USD/CAD,1.3432,Sell,0,1,6/2/2023 7:37:56 PM,6/6/2023 6:22:00 AM,
93437829-f31a-4251-aa79-58b5f200bb56,Gold,1956.85,Buy,0,1,6/5/2023 3:19:37 PM,6/5/2023 3:53:09 PM,
2e9aa082-d24e-41c2-815e-c8b5adf59f0f,Gold,1946.23,Sell,1,0,6/5/2023 1:40:27 PM,6/5/2023 2:00:05 PM,
3278e53d-acd3-459e-a695-0778e98b39e7,Gold,1944.96,Sell,0,1,6/5/2023 5:23:50 AM,6/5/2023 7:19:57 AM,
6ec6b6fd-61c1-4f3f-b20f-06010b11c17b,NZD/USD,0.6086,Buy,1,0,6/2/2023 4:46:26 AM,6/5/2023 7:07:40 AM,
6b1d8aef-4962-4db6-9098-edc01dfba49d,EUR/USD,1.0744,Buy,1,0,6/2/2023 12:47:27 PM,6/4/2023 10:45:31 PM,
577d07f5-4502-406e-ad45-2c3d20f3dba0,Gold,1966.12,Sell,0,1,6/2/2023 2:58:11 PM,6/2/2023 3:20:48 PM,
e2e0fd98-694e-453c-b11d-d7a9e9347390,Gold,1980.04,Sell,0,1,6/2/2023 5:30:29 AM,6/2/2023 7:32:07 AM,
02fa9d3a-aa58-4247-945d-20f48ec02230,NZD/USD,0.6018,Sell,1,0,5/31/2023 7:35:23 PM,6/1/2023 2:56:25 PM,
86a2583c-d39f-4537-977f-c625e3fa3c68,EUR/USD,1.0688,Sell,1,0,6/1/2023 5:18:17 AM,6/1/2023 1:37:45 PM,
81124969-720e-470e-9861-11223b2554c3,EUR/USD,1.0675,Sell,0,1,5/31/2023 2:37:50 PM,5/31/2023 4:13:38 PM,
6c37b4a1-75ce-424d-afcb-b6c7cf1de5e5,Gold,1962.4,Buy,0,1,5/31/2023 2:05:29 PM,5/31/2023 2:10:56 PM,
336be46c-298f-4dc7-8e8f-2bee1f9802e5,Gold,1957.24,Sell,1,0,5/30/2023 1:00:18 PM,5/31/2023 1:48:32 PM,
927fdecd-d1b8-427c-b309-50e6ee932540,EUR/USD,1.0706,Sell,0,1,5/31/2023 5:06:43 AM,5/31/2023 7:10:37 AM,
dd9de9b4-126a-4da2-87a5-1c9bbe04e563,USD/JPY,139.77,Buy,1,0,5/30/2023 4:13:51 PM,5/31/2023 5:41:13 AM,
53f8e783-5194-4086-9db3-8e59eaafdaf4,NZD/USD,0.6057,Sell,0,1,5/30/2023 11:47:35 AM,5/31/2023 1:32:52 AM,
e445d451-4733-4e80-baef-13e047b17724,USD/CAD,1.3585,Buy,0,1,5/29/2023 6:56:56 AM,5/30/2023 2:48:31 PM,
a7b67693-2837-4751-b345-205489a61ed1,GBP/USD,1.2357,Buy,0,1,5/29/2023 5:22:51 AM,5/30/2023 9:19:07 AM,
bdca2715-d72b-4752-84f0-84c9d0dca236,EUR/USD,1.0736,Buy,1,0,5/26/2023 4:55:46 AM,5/30/2023 5:23:59 AM,
501f550d-8db2-4a01-b907-05ca8bf84d97,BTC/USD,27674.9,Buy,1,0,5/30/2023 5:13:25 AM,5/30/2023 5:13:28 AM,
ba512b0e-9bfa-4a7d-957c-1bd0e9f544b9,Gold,1946.78,Sell,0,1,5/26/2023 3:12:13 AM,5/30/2023 4:07:52 AM,
48891582-e1c4-4d8b-9a81-1bd5f5e251d2,USD/JPY,140.423,Sell,0,1,5/29/2023 5:30:14 AM,5/29/2023 1:36:14 PM,
193e913b-54c0-40df-b52c-b749ee28b5d2,AUD/USD,0.6513,Buy,0,1,5/26/2023 4:56:11 AM,5/26/2023 11:42:52 AM,
6328097a-ef89-46e7-aa72-e5516ffc993f,USD/JPY,140.03,Buy,1,0,5/25/2023 9:43:14 PM,5/26/2023 6:38:39 AM,
75fa4777-85d2-4e2a-9219-e2db18a71b29,Gold,1646.78,Sell,1,0,5/26/2023 3:11:05 AM,5/26/2023 3:11:06 AM,
809ce2b3-6e52-4c11-9401-5fde4b3142fc,USD/JPY,139.68,Buy,0,1,5/25/2023 12:43:49 PM,5/25/2023 6:15:11 PM,
7dbe26f0-47cc-4073-ab3b-37bef861626a,EUR/USD,1.0741,Sell,0,1,5/25/2023 5:12:15 AM,5/25/2023 1:39:10 PM,
714f09da-5440-482e-b417-ba80e8055b27,Gold,1957.43,Buy,1,0,5/25/2023 5:05:11 AM,5/25/2023 12:39:10 PM,
25f1af02-8e02-4254-88e8-c8fdbcf2f950,BTC/USD,26650.2,Buy,1,0,5/19/2023 5:31:36 AM,5/25/2023 1:26:30 AM,
59324a1b-2098-4b43-bc48-5dd3f0714184,Gold,1962.76,Sell,0,1,5/24/2023 6:11:37 PM,5/24/2023 6:59:26 PM,
9e220603-c736-4d3f-be46-ccb76ceb97ec,EUR/USD,1.0787,Sell,0,1,5/24/2023 12:37:21 PM,5/24/2023 3:19:58 PM,
ca166f7b-8d7e-4e25-bf94-0b3a368edeb7,Gold,1971.13,Sell,1,0,5/23/2023 2:08:03 PM,5/24/2023 12:21:28 PM,
c3814e56-f3c0-48b2-97fc-608bf7883078,EUR/USD,1.0784,Sell,0,1,5/24/2023 5:19:04 AM,5/24/2023 10:16:27 AM,
921196c3-053a-4348-ad51-9b858b864f9e,GBP/USD,1.2415,Sell,1,0,5/23/2023 5:02:01 PM,5/24/2023 6:00:18 AM,
c893fbee-07a0-4c67-8594-37c4dfbb1d63,EUR/GBP,0.8704,Sell,0,1,5/22/2023 4:16:13 PM,5/23/2023 3:11:28 PM,
e54abc7f-ef4e-4f4b-8e1d-905fd3baa419,EUR/USD,1.0808,Sell,0,1,5/19/2023 12:13:59 PM,5/23/2023 10:01:01 AM,
ea0a2f5c-4ef0-47f8-b2ff-bbb2fe16a466,AUD/USD,0.6657,Sell,0,1,5/19/2023 3:14:24 PM,5/23/2023 7:42:47 AM,
32dcd935-b569-44b2-b1f1-ee04e80bc96a,Gold,1965.78,Sell,0,1,5/23/2023 4:46:47 AM,5/23/2023 7:16:37 AM,
4392078a-7e8d-491b-a36d-31c9b42b4d14,Gold,1977.75,Sell,0,1,5/22/2023 12:55:42 PM,5/22/2023 2:24:46 PM,
3cce3d03-10bb-4906-bac2-35cfa7186aa1,Gold,1978.78,Sell,0,1,5/22/2023 4:53:34 AM,5/22/2023 11:43:08 AM,
2a86e124-bb20-478f-8062-a0076b960b47,Gold,1960.89,Buy,0,1,5/19/2023 5:16:07 AM,5/19/2023 3:15:11 PM,
7fc494d2-70e8-4702-8f4d-e0f09722a783,NZD/USD,0.6238,Sell,1,0,5/19/2023 5:29:18 AM,5/19/2023 9:36:13 AM,
c10bc760-518d-497f-9112-07180ff3acc6,Gold,1956.8,Sell,1,0,5/18/2023 4:17:30 PM,5/19/2023 2:51:52 AM,
d7d8d4e3-4de0-4cb0-a19a-7578783d1e65,USD/JPY,138.44,Buy,0,1,5/18/2023 4:17:55 PM,5/18/2023 7:19:00 PM,
eb509f9b-2fb8-4bf6-803e-7fee03a42820,Gold,1975.38,Sell,0,1,5/18/2023 12:04:24 PM,5/18/2023 1:18:27 PM,
fe6c1a77-d377-4e65-9fc4-97066da92098,GBP/USD,1.247,Sell,0,1,5/18/2023 5:16:02 AM,5/18/2023 8:19:05 AM,
bc221679-02ed-4415-adec-504e833bca0b,EUR/USD,1.084,Sell,0,1,5/17/2023 7:55:53 PM,5/18/2023 7:57:09 AM,
8916dd35-9673-4f0e-92da-98901aa37b38,Gold,1980.18,Sell,0,1,5/18/2023 5:04:55 AM,5/18/2023 7:00:05 AM,
aa2d4cf9-239b-41a0-8a2c-69715f76a688,EUR/GBP,0.8704,Sell,0,1,5/16/2023 7:20:29 PM,5/17/2023 4:44:37 PM,
a316505e-44dc-4669-84f5-8187d897aabe,USOil,70.78,Sell,1,0,5/15/2023 1:40:49 PM,5/17/2023 3:17:37 PM,
c9641f5e-3f90-4a39-bbd0-e8167fc037fd,Gold,1984.07,Sell,0,1,5/17/2023 2:52:13 PM,5/17/2023 3:02:06 PM,
095d4471-ad75-4f67-b589-3e06bfb5c88e,Gold,1987.86,Sell,0,1,5/17/2023 11:29:56 AM,5/17/2023 12:21:22 PM,
355ac57d-4d2f-4a0c-b6a7-f1c7d26a7bbc,Gold,1888.52,Sell,1,0,5/17/2023 11:28:37 AM,5/17/2023 11:28:39 AM,
93a06515-6677-46dd-949f-ec6885ad11d6,EUR/USD,1.0872,Sell,0,1,5/15/2023 6:15:34 AM,5/17/2023 7:25:16 AM,
44c0e4ed-7a5a-4caa-8579-90fd220c6ecb,GBP/USD,1.2479,Sell,0,1,5/17/2023 5:03:21 AM,5/17/2023 7:25:16 AM,
397855f6-6c8e-4178-b53d-9c65e3673b4b,USD/JPY,136.05,Buy,0,1,5/15/2023 4:36:48 AM,5/17/2023 6:09:36 AM,
c5ebd320-ff06-4b0d-91f5-6a65e14a7118,Gold,2014.14,Buy,1,0,5/16/2023 5:36:26 AM,5/16/2023 6:15:02 AM,
502fb096-fea9-4d8a-ad16-eead60094af8,Gold,2014.85,Buy,0,1,5/15/2023 8:20:15 PM,5/16/2023 1:14:01 AM,
ff94ce9b-43bb-4f04-93a2-8f5898a3143d,Gold,2018.6,Sell,0,1,5/15/2023 5:34:39 AM,5/15/2023 5:52:47 AM,
e44dd65a-0684-4b0a-b696-40e537c813cb,Gold,2014.6,Sell,1,0,5/15/2023 4:47:48 AM,5/15/2023 5:34:39 AM,
776966ba-63e7-4840-a2af-e505c7f7f0ff,Gold,2013.25,Buy,1,0,5/12/2023 5:48:11 PM,5/14/2023 10:00:05 PM,
b423e529-ba3b-4ae0-8d46-6d84712340c1,Gold,2015,Sell,0,1,5/12/2023 2:22:24 PM,5/12/2023 2:31:50 PM,
5ac3cb38-6415-43f8-a8c6-63e48cba8474,USD/CAD,1.349,Buy,0,1,5/12/2023 6:04:21 AM,5/12/2023 2:27:25 PM,
02d7c7b6-4e52-4dc0-b23a-a87410826d71,Gold,2008.98,Sell,1,0,5/12/2023 12:30:03 PM,5/12/2023 12:42:54 PM,
1d6bfe28-1a6a-4b01-82f9-0f36f859ca31,Gold,2005.37,Sell,1,0,5/12/2023 11:54:47 AM,5/12/2023 12:33:27 PM,
959cf3b2-6eb1-4b82-88b3-5f008c9cc526,Gold,2010.79,Sell,0,1,5/12/2023 6:04:17 AM,5/12/2023 6:15:39 AM,
4c5b10bc-1176-45d5-9faa-e050ade2bcb1,USD/JPY,134.4,Sell,1,0,5/11/2023 4:31:49 PM,5/12/2023 6:15:23 AM,
4fd86b72-fef8-4a98-9758-799bf2396b77,BTC/USD,28617.45,Buy,1,0,4/20/2023 3:32:02 PM,5/12/2023 2:56:31 AM,
c330b729-f4fe-408c-a0f1-b01d437382ec,NZD/USD,0.6343,Buy,1,0,5/11/2023 11:26:57 AM,5/11/2023 2:07:14 PM,
9548ea7c-9275-45ee-876c-e21b5c2fd7e6,Gold,2031.15,Sell,0,1,5/11/2023 1:37:50 PM,5/11/2023 1:39:29 PM,
7af92524-455e-4a78-b883-a5047fe846d0,EUR/USD,1.1003,Sell,0,1,5/1/2023 5:30:11 AM,5/11/2023 8:04:48 AM,
ad05db62-4cd4-44be-ae9f-335dcfa29cb2,USD/JPY,134.213,Buy,0,1,5/11/2023 4:35:34 AM,5/11/2023 7:09:36 AM,
ffb62b43-175d-4773-9952-2d68e2a59ebf,Gold,2031.8,Sell,0,1,5/11/2023 4:49:04 AM,5/11/2023 6:54:24 AM,
ed23bc07-6dd1-48ae-bace-002aa3cabbb7,Gold,2026.64,Sell,1,0,5/10/2023 4:50:01 PM,5/10/2023 5:27:38 PM,
f7885203-b5b3-44e9-84bf-653b131e4532,Gold,2032.42,Sell,1,0,5/10/2023 4:22:44 AM,5/10/2023 12:40:26 PM,
ab6801ae-fbbf-4d4a-82a5-fbba769f5450,NZD/USD,0.6334,Buy,0,1,5/9/2023 9:21:53 AM,5/10/2023 12:39:55 PM,
9f678124-2107-46f7-8281-4d7da4e6b883,USOil,73.104,Buy,1,0,5/10/2023 5:35:38 AM,5/10/2023 8:16:09 AM,
f8b2c307-fb03-42f2-bf89-5e4f936c0f90,GBP/USD,1.261,Buy,0,1,5/9/2023 2:38:52 AM,5/10/2023 7:14:30 AM,
3ad72bb8-67c2-4f09-9e95-35d850d1c3f3,USD/CHF,0.8899,Sell,1,0,5/9/2023 5:10:56 AM,5/9/2023 12:59:05 PM,
f517a7f0-40e0-4055-b7d5-7531d763121f,Gold,2023.66,Buy,0,1,5/9/2023 4:46:39 AM,5/9/2023 11:00:51 AM,
e7ba4432-41d5-41a4-9c94-3632633c6356,USOil,73.08,Sell,0,1,5/8/2023 3:20:25 PM,5/9/2023 7:48:21 AM,
e021c927-2790-43e6-b7be-4b31e607cd21,USD/JPY,134.5,Buy,0,1,5/4/2023 5:12:25 AM,5/9/2023 12:13:17 AM,
d9194e54-c71b-4f78-a105-f2813b5b54f4,Gold,2019.38,Buy,0,1,5/8/2023 3:21:13 AM,5/8/2023 3:29:16 PM,
0aba4352-4773-4be9-8921-f292bae91bbf,USOil,73.15,Sell,0,1,5/8/2023 3:12:31 PM,5/8/2023 3:14:08 PM,
979f07c7-5d63-4672-b507-fdaa74550995,USD/JPY,134.84,Sell,1,0,5/5/2023 4:34:29 PM,5/7/2023 11:51:46 PM,
4094ad8f-adf9-4392-ad09-633116fc99fc,ETH/USD,1811.45,Buy,0,1,4/25/2023 3:32:51 PM,5/5/2023 4:02:51 PM,
53997eff-bd97-49af-9c8b-153ecd07a39e,EUR/JPY,147.83,Sell,1,0,5/4/2023 9:19:02 PM,5/5/2023 12:30:26 PM,
c46e30b7-9be2-44dc-9e56-09a8f66f7487,Gold,2048.18,Sell,0,1,5/5/2023 5:45:27 AM,5/5/2023 6:21:16 AM,
f2a6eec6-7f84-44b1-ae05-142dcc083f46,Gold,2048.65,Buy,0,1,5/4/2023 4:36:19 PM,5/4/2023 4:43:38 PM,
08834d42-f7cd-40be-a435-53e49331cbfa,Gold,2038.58,Sell,0,1,5/4/2023 12:54:02 PM,5/4/2023 1:13:19 PM,
6ba8f107-6a48-4b32-90f7-87d3b53bd99f,EUR/GBP,0.8807,Buy,1,0,5/4/2023 3:00:14 AM,5/4/2023 12:55:59 PM,
56e52d13-5fa1-4bda-ab7f-44f49e334308,EUR/JPY,150.02,Buy,1,0,5/3/2023 3:35:55 AM,5/4/2023 6:38:25 AM,
ba1ecbe3-00a2-49a1-ab53-4cd50613df09,Gold,2043.2,Buy,1,0,5/4/2023 5:09:54 AM,5/4/2023 6:17:10 AM,
f300a95f-90d2-45ed-9cc7-97dc5e4a88e9,Gold,2016.18,Sell,0,1,5/3/2023 5:59:10 AM,5/3/2023 7:42:14 AM,
a9e882ab-b5bd-4fc3-80b1-b20487d5b1a7,EUR/USD,1.0992,Sell,1,0,5/2/2023 3:41:50 PM,5/3/2023 7:00:37 AM,
6fc3cdfb-fc7c-4425-b020-5a57a5ba40d8,Gold,1988.05,Sell,1,0,5/2/2023 12:22:03 PM,5/2/2023 2:20:47 PM,
b4ea90cc-3f54-459c-a4a2-4dddf21ada07,NZD/USD,0.6181,Buy,0,1,5/1/2023 4:36:00 AM,5/2/2023 11:29:47 AM,
0c3a9424-8dbb-46ae-9f07-8ff90fd0c467,Gold,1979.6,Buy,0,1,5/2/2023 5:15:49 AM,5/2/2023 10:44:17 AM,
38b1c99d-699f-47d6-a632-4c5210d64c92,GBP/USD,1.2501,Buy,1,0,5/2/2023 5:17:05 AM,5/2/2023 9:22:55 AM,
cd894959-0a20-408e-a26c-a5c7815bc7e3,USD/JPY,136.76,Buy,0,1,5/1/2023 12:40:46 PM,5/1/2023 2:04:07 PM,
f8d37fca-6bc6-48d7-b337-15ab505a7363,Gold,1984.98,Sell,1,0,5/1/2023 5:07:17 AM,5/1/2023 12:32:06 PM,
c26fd360-5266-4713-8d1d-95748ea34c1a,Gold,1985.63,Sell,0,1,4/28/2023 2:06:45 PM,4/28/2023 2:16:12 PM,
0281d8fa-986c-4cca-9130-c6e8388be898,USD/JPY,135.9,Buy,0,1,4/28/2023 1:17:38 PM,4/28/2023 1:52:14 PM,
cb5bd8dd-8568-44a6-99ad-e4c306247ed9,GBP/USD,1.2482,Sell,0,1,4/28/2023 5:15:28 AM,4/28/2023 8:55:04 AM,
6b20a125-be50-444c-b0ec-563c1fecfc06,AUD/USD,0.6614,Sell,0,1,4/26/2023 1:27:25 PM,4/28/2023 8:14:58 AM,
cc06c236-9164-4447-a5ff-12e2f56c8471,EUR/USD,1.1026,Sell,0,1,4/27/2023 6:06:51 PM,4/28/2023 7:16:13 AM,
416c38a4-576a-42b4-b7ea-8a309dafd11d,USD/JPY,134.81,Buy,0,1,4/28/2023 5:16:11 AM,4/28/2023 5:54:10 AM,
c706be4e-e601-4564-8885-04534aed75a1,Gold,1988.15,Sell,0,1,4/28/2023 5:24:31 AM,4/28/2023 5:49:44 AM,
904e37b3-66a5-4dc5-a6af-8311cc262ada,Gold,1989.95,Sell,0,1,4/27/2023 6:08:28 PM,4/27/2023 10:45:52 PM,
98484ecb-9483-437f-9ef2-b7a800b832b5,Gold,1983.89,Sell,1,0,4/27/2023 4:30:00 PM,4/27/2023 5:14:49 PM,
668a034d-0ef7-419e-bc01-0e6671224fb5,Gold,1997.42,Buy,1,0,4/27/2023 4:55:24 AM,4/27/2023 12:44:20 PM,
4daf752b-1556-40c4-a807-ab3819c03d58,EUR/USD,1.105,Buy,1,0,4/27/2023 4:43:07 AM,4/27/2023 12:44:14 PM,
a531c911-5221-417b-8d8d-f1bfa83a3604,EUR/USD,1.1054,Sell,1,0,4/26/2023 12:53:02 PM,4/26/2023 1:24:55 PM,
3d69a783-9079-4228-b4f7-9ddcd2861f25,Gold,1995.96,Buy,0,1,4/26/2023 5:43:00 AM,4/26/2023 1:22:53 PM,
4b240b3c-5798-44c8-a6a3-d7bf86412a0f,EUR/USD,1.0986,Buy,0,1,4/26/2023 5:43:36 AM,4/26/2023 7:18:42 AM,
8aa9fe56-9ef7-4ea2-9da8-b5ea8eaa7c2b,Gold,1995.67,Buy,0,1,4/25/2023 8:56:52 PM,4/25/2023 11:00:12 PM,
513dc506-5add-46bc-8d1b-23a276437c75,USD/JPY,133.99,Sell,0,1,4/25/2023 4:33:43 PM,4/25/2023 5:19:21 PM,
51783e9d-dba5-4c65-915a-3d81d39bd726,Gold,1985.12,Buy,0,1,4/25/2023 2:34:44 PM,4/25/2023 3:22:30 PM,
bf62945e-be30-4eeb-82f4-ab1d14e18904,EUR/USD,1.1016,Buy,1,0,4/25/2023 12:10:32 PM,4/25/2023 2:57:58 PM,
b392b1ed-19a0-4b62-8b00-b4d88cbb8d8f,Gold,1985,Sell,1,0,4/25/2023 12:30:15 PM,4/25/2023 12:39:04 PM,
d42b311b-d44c-4284-ad1b-f929eeeb74ed,USOil,78.84,Sell,0,1,4/24/2023 4:01:48 PM,4/25/2023 11:44:01 AM,
2e6f4447-c2dd-4689-8ffe-cd655d4d3fd5,Gold,1990,Buy,1,0,4/25/2023 7:43:13 AM,4/25/2023 10:16:57 AM,
698322af-967e-4bc5-bf4e-45dee75314f6,USD/CAD,1.354,Sell,1,0,4/24/2023 12:55:46 PM,4/25/2023 7:36:29 AM,
310a014e-d78e-42a5-bd83-67112322751f,GBP/USD,1.2487,Sell,0,1,4/25/2023 4:54:40 AM,4/25/2023 7:05:30 AM,
8e242ec5-8230-4d9f-9bb2-a3a81dd0ef68,Gold,1980.32,Sell,1,0,4/24/2023 5:50:58 AM,4/24/2023 11:41:54 PM,
9c368522-af81-4efa-9892-a6e4f9ce02a2,GBP/USD,1.2425,Sell,1,0,4/24/2023 6:19:49 AM,4/24/2023 2:40:44 PM,
6fb4d1cc-e518-4336-a97a-c5174ea40ea1,EUR/USD,1.0957,Sell,1,0,4/19/2023 5:27:23 PM,4/24/2023 8:54:21 AM,
d3c52600-6bf5-4a1c-9eac-825fa1ee7443,ETH/USD,1978.14,Buy,1,0,4/19/2023 2:10:29 PM,4/21/2023 8:05:31 PM,
4925dc0c-c87f-4cd7-9f49-f468ab660450,USD/CHF,0.8998,Sell,0,1,4/17/2023 5:22:01 PM,4/21/2023 1:39:27 PM,
75dd54db-5c88-43b8-91ff-a22bae7efd6b,Gold,2002.53,Sell,0,1,4/21/2023 4:56:26 AM,4/21/2023 5:50:45 AM,
24803be0-31ab-4500-ab0a-d389d0e23c37,USD/CAD,1.347,Buy,0,1,4/20/2023 5:29:02 AM,4/21/2023 1:37:16 AM,
72824752-36ec-43bb-bbbb-d990dde2e07b,AUD/USD,0.6718,Buy,0,1,4/18/2023 5:52:58 AM,4/20/2023 12:57:22 PM,
1744740f-ea0e-4ab7-b682-d0fad9f03aed,Gold,1995.32,Sell,1,0,4/19/2023 5:10:58 PM,4/20/2023 12:32:06 PM,
ea0dcebe-46eb-475a-8d77-903c95d3a132,GBP/USD,1.242,Buy,0,1,4/20/2023 5:27:10 AM,4/20/2023 6:14:10 AM,
9de16e97-d6ce-4882-8d6e-99f4e49511c3,EUR/USD,1.0972,Sell,0,1,4/19/2023 6:06:59 AM,4/19/2023 9:30:50 AM,
fd428676-df23-4613-824f-2f80c9bf64ee,BTC/USD,30214,Sell,0,1,4/19/2023 6:29:00 AM,4/19/2023 8:10:28 AM,
7b08d339-21fc-4312-9f56-4f1f589cefaf,Gold,2007.18,Sell,0,1,4/18/2023 4:50:12 PM,4/19/2023 6:08:38 AM,
490fbcba-0598-4442-a153-58f29216a202,Gold,1996.11,Sell,1,0,4/17/2023 7:54:21 PM,4/18/2023 2:09:34 PM,
1f9e9d6f-3804-4249-9d32-c67058ac5118,EUR/USD,1.0941,Buy,0,1,4/18/2023 5:46:03 AM,4/18/2023 7:59:30 AM,
57a914b3-f043-4bf4-8009-789ef3672bd7,EUR/JPY,146.88,Buy,0,1,4/17/2023 1:55:05 PM,4/18/2023 1:40:56 AM,
08b2b652-e43f-40a7-b1e2-9b018302c4bf,EUR/USD,1.0985,Buy,1,0,4/17/2023 8:11:02 AM,4/17/2023 1:21:00 PM,
61365941-8ed0-4655-8390-dd45d331ca68,EUR/USD,1.0979,Sell,0,1,4/17/2023 11:54:19 AM,4/17/2023 1:18:30 PM,
8530b528-a580-4467-84ea-4b9213735669,BTC/USD,29940,Buy,1,0,4/17/2023 4:39:01 AM,4/17/2023 11:34:53 AM,
175b4320-6c07-43ce-8c67-593200c760e7,Gold,2004.29,Buy,0,1,4/17/2023 4:08:30 AM,4/17/2023 5:51:56 AM,
7ce811bb-6dc8-4b91-990d-b21dbae3d352,BTC/USD,30654.7,Buy,1,0,4/14/2023 5:15:46 AM,4/17/2023 12:36:33 AM,
25a54507-9398-478f-9bc9-e2ee71ac762b,Gold,2005.45,Sell,0,1,4/14/2023 8:50:37 PM,4/16/2023 10:00:05 PM,
23fa4766-9cc6-45d4-9e23-0c715e484a90,EUR/JPY,146.27,Buy,0,1,4/13/2023 3:15:08 PM,4/14/2023 6:21:14 PM,
d83163b0-4e93-4c9c-b397-e11f877f7edf,Gold,2020,Buy,0,1,4/14/2023 12:46:13 PM,4/14/2023 1:36:21 PM,
576d20b0-7be2-4ad6-81fd-865ac101aee9,Gold,2043.06,Sell,0,1,4/14/2023 5:08:45 AM,4/14/2023 5:51:47 AM,
8bb659a5-c1de-46a6-a43c-a01d1b18afd3,BTC/USD,30764.7,Buy,0,1,4/14/2023 5:13:29 AM,4/14/2023 5:13:32 AM,
003d7e7f-5ebc-4f2a-9e2e-654d7a39e7dd,Gold,2037.5,Buy,0,1,4/13/2023 3:18:24 PM,4/14/2023 1:37:42 AM,
e01fdab4-9614-49bf-96ec-ac994f79247f,Gold,2040.3,Buy,0,1,4/13/2023 1:13:16 PM,4/13/2023 2:00:39 PM,
2a84bb45-caac-4257-80d9-e8aeeb641003,EUR/GBP,0.878,Sell,1,0,4/6/2023 4:35:45 PM,4/13/2023 1:05:13 PM,
c2dc0cd0-7b0f-4125-a94c-98e244e4f797,AUD/USD,0.6708,Buy,0,1,4/13/2023 4:58:23 AM,4/13/2023 11:49:42 AM,
6db4e510-3e4a-4279-be47-3ccfaaa7f5ff,ETH/USD,1876.33,Buy,0,1,4/7/2023 4:59:27 AM,4/13/2023 8:54:50 AM,
5c1eca94-2a0e-425c-88dc-3a038f6987f4,Gold,2016.57,Buy,0,1,4/13/2023 4:53:10 AM,4/13/2023 7:32:17 AM,
a659e388-01a6-44c0-bf1b-e32f339d3e15,USD/JPY,133.1,Buy,0,1,4/12/2023 3:30:44 PM,4/12/2023 5:57:32 PM,
3e3ec7eb-facd-4416-a05a-1234365ff5c3,USD/JPY,132.95,Buy,0,1,4/12/2023 12:55:10 PM,4/12/2023 1:41:30 PM,
8243754d-8533-465e-a731-2b9bfda88fe4,Gold,2018.7,Buy,0,1,4/12/2023 5:03:51 AM,4/12/2023 12:35:22 PM,
82e6818e-14d5-46cc-b492-2b5abc08a4c2,USD/CHF,0.9022,Buy,1,0,4/12/2023 5:08:19 AM,4/12/2023 12:30:48 PM,
ada4ffc8-5f8f-421f-b87b-74605ddcc101,EUR/JPY,146,Buy,0,1,4/12/2023 6:28:11 AM,4/12/2023 8:36:26 AM,
fd07db72-4429-4522-9b10-2afe8163676e,EUR/USD,1.0891,Sell,1,0,4/11/2023 5:32:47 AM,4/12/2023 5:39:40 AM,
e6134265-fbef-4fd1-84f6-f7042be358bb,Gold,2000.08,Buy,0,1,4/11/2023 5:31:23 AM,4/12/2023 1:20:32 AM,
0104a323-a012-4a4e-851a-e4033f3209e9,USD/CAD,1.3508,Buy,1,0,4/10/2023 9:38:13 PM,4/11/2023 6:59:41 PM,
9cf882d9-9949-4987-a69f-da1f01c74f74,USOil,79.87,Sell,1,0,4/6/2023 3:59:09 AM,4/11/2023 3:39:38 PM,
521fca81-51fc-4bef-96d4-72a4b85e3d9a,Gold,1995.87,Buy,0,1,4/11/2023 2:55:56 AM,4/11/2023 3:28:13 AM,
3cffef3c-311d-4ac5-b183-2900b4648341,Gold,1991.95,Sell,1,0,4/11/2023 1:50:26 AM,4/11/2023 2:11:02 AM,
c09476b3-243c-40de-af8a-90327b445ecd,AUD/USD,0.6629,Sell,1,0,4/10/2023 1:53:54 PM,4/11/2023 2:10:25 AM,
a9164ebe-32d8-47ff-a44e-bb91175607b9,Gold,1988.85,Sell,1,0,4/10/2023 3:05:15 PM,4/11/2023 12:00:57 AM,
03f1ccc7-30d2-4023-9d92-2ebf6b20f5e8,BTC/USD,24327.5,Buy,0,1,3/14/2023 10:08:25 PM,4/10/2023 10:02:33 PM,
dd7a27d2-eb41-4804-9c8c-1ae510aaab54,EUR/JPY,144.67,Buy,0,1,4/10/2023 1:48:37 PM,4/10/2023 2:45:58 PM,
22fcaf31-99e7-432c-81b2-a6250e4b7744,USD/CAD,1.351,Buy,0,1,4/10/2023 4:31:22 AM,4/10/2023 12:55:08 PM,
f19dc865-53cb-46b4-a9ca-fbd36de36500,AUD/USD,0.668,Buy,1,0,4/7/2023 5:07:12 AM,4/10/2023 12:23:28 PM,
4934010f-5c0f-4343-9fd5-07d0ffb63d1e,EUR/USD,1.0893,Sell,0,1,4/10/2023 5:10:17 AM,4/10/2023 12:17:23 PM,
5bb31c1e-733a-42f1-8f6e-8420d5df824a,GBP/USD,1.2401,Sell,1,0,4/10/2023 5:10:32 AM,4/10/2023 9:30:33 AM,
68e72fe4-34d5-4daa-94c8-31f2e80e4483,EUR/USD,1.0887,Buy,0,1,4/10/2023 5:03:47 AM,4/10/2023 5:09:43 AM,
d5ae6103-0e71-48c1-b796-c89f546ba21d,USD/JPY,132.09,Sell,1,0,4/7/2023 3:25:12 PM,4/10/2023 12:33:24 AM,
dc4d8ac5-df6b-48d1-b6b3-8a142fe6fde7,Gold,2013.71,Buy,1,0,4/6/2023 6:54:19 AM,4/9/2023 10:00:05 PM,
51f0299d-8b24-4167-b2ef-71291eae8c56,EUR/CHF,0.9871,Sell,1,0,4/6/2023 11:09:57 AM,4/7/2023 9:15:37 PM,
8b491b24-ade8-4ba1-a384-8fb01f276712,USD/JPY,131.75,Sell,1,0,4/6/2023 1:24:33 PM,4/7/2023 12:30:26 PM,
68f46b5a-cae1-4d97-a5f0-e5fcf931fb9f,USD/CAD,1.3476,Buy,0,1,4/6/2023 3:46:42 PM,4/7/2023 8:36:11 AM,
9e439ec2-c125-4def-ba73-be975751d601,USD/CHF,0.9069,Sell,0,1,4/6/2023 6:26:50 AM,4/6/2023 7:47:00 AM,
5b6d2e60-4908-4e80-95e8-3637899216a6,Gold,2024.57,Buy,1,0,4/5/2023 6:09:45 AM,4/6/2023 2:22:04 AM,
331bf13d-5a55-4379-9b5c-162c43c62d3b,USD/JPY,131.14,Sell,0,1,4/5/2023 3:37:36 PM,4/5/2023 11:45:52 PM,
6c2f9a89-54da-43bd-b453-a63f8be67d2f,EUR/USD,1.0951,Buy,1,0,4/5/2023 5:44:57 AM,4/5/2023 2:49:32 PM,
f5eda64a-110b-4127-8669-e9d0b1307ca5,GBP/USD,1.2485,Buy,1,0,4/5/2023 12:25:11 PM,4/5/2023 2:44:55 PM,
4975030b-fe44-42f1-868f-dce706363e31,AUD/USD,0.674,Sell,0,1,4/4/2023 12:48:59 PM,4/5/2023 7:41:26 AM,
10b3d9a9-a5dc-4917-aca7-8ee91ef8fb3e,Gold,2020.75,Buy,0,1,4/4/2023 7:28:18 PM,4/5/2023 2:43:56 AM,
53d89f2e-e11f-470b-b29c-1efb1bd13c09,Gold,1980.01,Buy,0,1,4/4/2023 3:27:28 AM,4/4/2023 1:32:13 PM,
37892310-401e-477a-9233-c9056f77d301,USD/JPY,132.78,Buy,0,1,4/4/2023 6:10:48 AM,4/4/2023 11:21:24 AM,
afe175fe-b9eb-4093-b705-805db4a85e3d,EUR/GBP,0.8788,Buy,1,0,3/31/2023 12:06:31 PM,4/4/2023 9:10:08 AM,
2710f787-9fc9-4ef2-8898-db1dbd634557,EUR/USD,1.0897,Sell,1,0,4/4/2023 5:10:13 AM,4/4/2023 7:53:02 AM,
660cbd3a-fa83-47fa-8a8f-500bf50122fa,USOil,80.374,Buy,0,1,4/3/2023 2:30:12 PM,4/4/2023 7:25:01 AM,
c41f4289-8447-4480-877c-a4d1e9c273cb,USD/JPY,132.95,Buy,1,0,4/3/2023 12:24:36 PM,4/3/2023 2:01:25 PM,
012bbd7e-e98b-4fac-98da-8b68a5533af9,Gold,1977.15,Buy,1,0,4/3/2023 1:09:09 PM,4/3/2023 1:36:10 PM,
93b90030-9068-4a34-8cf9-f3216b1ac278,Gold,1950.44,Buy,0,1,4/3/2023 5:07:53 AM,4/3/2023 7:13:28 AM,
930bea2f-062b-4877-93fe-2eee2e726acf,EUR/USD,1.079,Buy,0,1,4/3/2023 5:10:51 AM,4/3/2023 7:08:53 AM,
1af88d3c-66ce-414d-8c65-bd32163e9e1d,Gold,1980.15,Buy,1,0,3/31/2023 12:52:56 PM,3/31/2023 5:27:08 PM,
14f86100-0e92-4784-adfe-3aadc8755d74,ETH/USD,1713.5,Buy,0,1,3/27/2023 4:28:59 PM,3/31/2023 1:34:50 PM,
cba1bacb-c6c8-4ff8-88ac-df93c5cc199f,EUR/USD,1.0902,Sell,0,1,3/31/2023 5:07:57 AM,3/31/2023 10:53:03 AM,
fc203383-a5b7-4065-9592-1a4e38962da9,Gold,1981.35,Sell,0,1,3/30/2023 10:10:32 PM,3/31/2023 8:44:34 AM,
a4500cd9-888e-46fa-99fc-da37673f9e4f,GBP/USD,1.2389,Sell,0,1,3/31/2023 5:30:07 AM,3/31/2023 8:19:25 AM,
7d495577-692c-4daf-a9de-bcb6688a5060,USD/CAD,1.3543,Sell,0,1,3/30/2023 12:27:39 PM,3/31/2023 1:31:06 AM,
ad3af043-8aac-4b98-967e-11a8a840aaaf,Gold,1963.9,Buy,0,1,3/29/2023 8:20:54 AM,3/30/2023 12:28:12 PM,
d9af30f4-d76a-4c02-a832-b0436fe00eb5,EUR/GBP,0.8777,Sell,1,0,3/28/2023 5:12:31 AM,3/30/2023 11:00:14 AM,
b481aca9-4c04-49c4-aea4-ce0f12029c11,USOil,73.02,Buy,0,1,3/29/2023 4:46:31 PM,3/30/2023 8:56:48 AM,
d513624e-d618-43e2-b838-2f3787f678cf,EUR/USD,1.0837,Buy,0,1,3/30/2023 5:05:14 AM,3/30/2023 8:15:05 AM,
cb3826ca-c1db-44b6-af4f-694b2acf2a17,AUD/USD,0.6689,Buy,0,1,3/30/2023 5:20:58 AM,3/30/2023 8:06:04 AM,
47cedff1-6547-43da-b76f-bd5dffdb411c,GBP/USD,1.2319,Buy,0,1,3/29/2023 3:16:46 PM,3/30/2023 7:39:02 AM,
ecdbefc9-1874-43fc-a6b7-677ebce250b1,USD/JPY,130.75,Sell,1,0,3/27/2023 3:34:29 AM,3/29/2023 11:39:44 AM,
e226ffda-3fca-4fc3-b42c-8f0cbd81cab9,EUR/USD,1.0826,Buy,0,1,3/28/2023 1:53:37 PM,3/29/2023 9:57:24 AM,
ace23fa6-7489-49fa-9e21-c915aebcf650,EUR/JPY,142.69,Buy,0,1,3/29/2023 4:47:50 AM,3/29/2023 6:16:03 AM,
a64e1706-2910-4bbe-beec-0e560d0784c8,Gold,1968.06,Sell,0,1,3/29/2023 4:26:37 AM,3/29/2023 5:36:29 AM,
eaaa9e1f-93aa-41d9-87a8-6c33be8fb5b8,USOil,72.47,Buy,0,1,3/28/2023 1:25:33 PM,3/28/2023 2:10:57 PM,
dd93dcd7-e088-4b0e-a026-81761f36bcea,Gold,1957.48,Sell,0,1,3/28/2023 5:05:24 AM,3/28/2023 9:03:48 AM,
e81042dc-7e2d-40d7-ac98-5cdabc5ea22b,EUR/USD,1.0786,Sell,1,0,3/27/2023 3:45:16 PM,3/28/2023 7:28:13 AM,
98526025-5b14-4e5d-b992-67e9b029e251,AUD/USD,0.665,Sell,1,0,3/26/2023 11:11:45 PM,3/28/2023 2:50:33 AM,
94e3d5bf-a81f-4104-b99c-8a45b50372d7,Gold,1952.78,Buy,0,1,3/27/2023 12:02:03 PM,3/28/2023 1:08:34 AM,
fa18f165-4a09-4087-b24b-86e0593f974c,ETH/USD,1810,Buy,1,0,3/24/2023 5:16:29 AM,3/27/2023 3:00:26 PM,
6718bf00-369f-4210-81e5-8dfaf29cab8b,GBP/USD,1.2248,Buy,0,1,3/27/2023 3:46:35 AM,3/27/2023 1:44:34 PM,
dbf8bcc1-403a-4aa5-9516-4c7d19b6d48a,USD/CHF,0.9193,Sell,0,1,3/24/2023 1:09:47 PM,3/27/2023 8:12:36 AM,
adbfa15d-ddba-4408-ba18-4cc99d8abb06,Gold,1974.72,Sell,0,1,3/27/2023 4:00:54 AM,3/27/2023 5:51:42 AM,
9aa790f4-c10e-43e6-b05c-00ff5391e53e,Gold,1970,Buy,0,1,3/26/2023 10:08:31 PM,3/27/2023 1:17:25 AM,
e03d2804-f0d9-4c56-8d15-97d8a9b0d75b,Gold,1994.33,Buy,0,1,3/24/2023 12:21:50 PM,3/24/2023 12:34:34 PM,
3a7a3487-f597-4d80-a5c9-eac62e3d444c,Gold,1993.33,Buy,0,1,3/24/2023 11:24:52 AM,3/24/2023 12:03:41 PM,
1082d637-bd67-4052-8463-8580c34639b8,GBP/USD,1.2286,Buy,1,0,3/24/2023 5:17:29 AM,3/24/2023 8:09:47 AM,
09336cc3-c183-43fe-955a-80d026af60b8,EUR/USD,1.0834,Buy,1,0,3/23/2023 10:06:46 PM,3/24/2023 8:09:40 AM,
47bd9c9b-aa31-4c22-9715-45be68d69acc,EUR/GBP,0.8848,Sell,0,1,3/23/2023 6:00:31 AM,3/23/2023 7:33:11 PM,
725c83d7-8f3e-4957-8b88-fa230661c298,GBP/USD,1.2319,Buy,1,0,3/23/2023 3:22:52 PM,3/23/2023 6:47:35 PM,
6414e460-6ac8-498c-99df-6e07f9bb7375,EUR/USD,1.0902,Buy,1,0,3/23/2023 6:07:07 AM,3/23/2023 6:38:38 PM,
28827de5-6f2d-4205-9bda-3c96c0adaa25,USOil,70.52,Sell,0,1,3/23/2023 12:00:44 PM,3/23/2023 6:35:12 PM,
59bffe51-8896-434e-9287-22e77add5443,ETH/USD,1744.34,Buy,0,1,3/21/2023 5:34:01 AM,3/23/2023 3:15:29 PM,
9bd09c11-a23a-486b-b244-1ddf60ac58cb,Gold,1974.12,Buy,0,1,3/23/2023 1:17:27 PM,3/23/2023 1:54:58 PM,
9a331d2d-7152-40a5-a7f1-fa1fcebe5c29,Gold,1967.9,Buy,0,1,3/22/2023 8:37:42 PM,3/23/2023 12:03:29 AM,
524c7c9a-2327-419d-ac08-f168c173d194,EUR/GBP,0.8793,Buy,0,1,3/22/2023 1:24:11 PM,3/22/2023 3:36:02 PM,
e3429da4-b7ab-4c91-a099-69a645e16cad,Gold,1941.25,Buy,0,1,3/22/2023 6:39:25 AM,3/22/2023 2:50:51 PM,
e9651d11-9981-40e0-b38f-24e176c3c788,Gold,1938.6,Sell,1,0,3/22/2023 1:14:11 PM,3/22/2023 1:33:19 PM,
72c4ef86-2ddd-49a1-a8b2-e06b125b910a,EUR/USD,1.077,Buy,0,1,3/22/2023 6:31:18 AM,3/22/2023 12:11:56 PM,
3f95adef-292d-4692-a77c-649ba533b762,USD/JPY,131.3,Sell,1,0,3/20/2023 1:08:05 PM,3/22/2023 1:37:21 AM,
bce3ac54-625e-4e3f-8795-ce1dc4b18f92,Gold,1972.45,Buy,1,0,3/20/2023 4:00:43 PM,3/21/2023 5:29:16 PM,
9e2e0303-1db5-4cc1-ac8d-7d98b496fe71,USD/JPY,132.34,Sell,0,1,3/21/2023 1:51:23 PM,3/21/2023 2:23:58 PM,
b80042f8-e234-4012-9393-228c39ec0ecb,EUR/GBP,0.8742,Sell,1,0,3/21/2023 6:50:49 AM,3/21/2023 10:45:40 AM,
d4a6576a-3adb-44c7-99aa-6645f1a59aa1,EUR/USD,1.0717,Sell,1,0,3/21/2023 5:36:22 AM,3/21/2023 10:42:18 AM,
4166b44f-6597-4c04-a248-ec6f3769d99a,USOil,67,Sell,0,1,3/20/2023 5:20:52 PM,3/20/2023 5:20:56 PM,
8633e681-7433-4191-bd2d-25b1d67077f1,Gold,1982.73,Buy,1,0,3/20/2023 11:48:52 AM,3/20/2023 2:13:28 PM,
96e31932-e4a2-402e-bb7e-7b783054070c,EUR/USD,1.0671,Buy,0,1,3/20/2023 6:09:51 AM,3/20/2023 11:56:07 AM,
aaffabba-d1e2-4e09-b97f-bbfebf730d6b,USOil,67.27,Sell,0,1,3/20/2023 2:45:43 AM,3/20/2023 8:36:06 AM,
d60f33f9-5354-441d-bb05-452d7e0411d6,Gold,1985.98,Buy,0,1,3/20/2023 6:08:30 AM,3/20/2023 7:08:10 AM,
d471c268-ea42-48a9-a7f8-1469a7ef38c9,USD/JPY,132.03,Sell,0,1,3/17/2023 3:55:12 PM,3/17/2023 6:52:21 PM,
5bc0a0c3-a596-4d90-b0fc-7466656ce242,Gold,1956.89,Buy,0,1,3/17/2023 4:35:15 PM,3/17/2023 4:41:51 PM,
7fe7b0a0-f02f-49fd-8edc-022b76a546dd,Gold,1960.28,Buy,1,0,3/17/2023 3:50:19 PM,3/17/2023 4:32:09 PM,
81d0ae8e-2d59-4937-bedf-53c2ca27b554,USD/CAD,1.3707,Buy,0,1,3/17/2023 11:54:23 AM,3/17/2023 1:33:39 PM,
4f1c52ea-7797-43a1-ab46-72e94beef507,Gold,1931.58,Buy,0,1,3/17/2023 5:41:19 AM,3/17/2023 12:22:31 PM,
54d0df1f-fd8e-4a69-b32f-0bcea3895dfa,ETH/USD,1645.03,Buy,0,1,3/16/2023 5:55:29 AM,3/17/2023 10:40:34 AM,
c95908ee-2396-40f0-9405-4494a724ee62,Gold,1917.9,Buy,0,1,3/16/2023 4:26:34 PM,3/17/2023 2:39:07 AM,
01fa2e7c-30b0-447b-9823-90d92a059f19,AUD/USD,0.6654,Sell,1,0,3/16/2023 12:35:15 PM,3/17/2023 2:28:53 AM,
ce6728b8-bb12-423d-be8f-3b2002d513d3,USOil,68.898,Sell,0,1,3/16/2023 5:30:53 PM,3/16/2023 6:34:46 PM,
f3cc612e-15d7-486e-8b76-ed6a3b557d76,USOil,67.788,Sell,0,1,3/16/2023 11:46:31 AM,3/16/2023 1:17:03 PM,
f2f1dff3-bc70-426b-ac4a-3e29d36e4245,Gold,1917.02,Buy,0,1,3/16/2023 5:56:04 AM,3/16/2023 11:34:43 AM,
0c6aaf78-90cc-4971-9041-646017e864a2,EUR/USD,1.0577,Sell,1,0,3/15/2023 8:37:24 PM,3/16/2023 7:41:46 AM,
fc3f4969-bd1e-4621-8ed6-2afeb04ea129,ETH/USD,1651.03,Buy,0,1,3/16/2023 5:54:35 AM,3/16/2023 5:54:45 AM,
6271a43f-6fa2-40b0-843e-abefc9c060a0,Gold,1918.84,Sell,0,1,3/15/2023 7:48:17 PM,3/16/2023 1:07:25 AM,
056fd3c5-4969-47e3-9bf5-fc81be04c5a9,Gold,1931,Buy,1,0,3/15/2023 5:11:21 PM,3/15/2023 6:30:14 PM,
baea144c-8cd6-4c32-85cd-ee3b1f755e55,USD/JPY,132.74,Sell,1,0,3/15/2023 4:54:09 PM,3/15/2023 6:27:58 PM,
9fd6f407-99e8-4b20-998d-40eeab232daf,USD/JPY,132.98,Sell,0,1,3/15/2023 3:17:47 PM,3/15/2023 4:06:41 PM,
a89f4b7e-3759-44c2-bf8b-9dcd6b4c83cf,EUR/USD,1.055,Sell,0,1,3/15/2023 1:13:36 PM,3/15/2023 3:51:18 PM,
314c89b5-9e1a-4a06-b0c9-7035deb73eae,EUR/USD,1.9593,Sell,0,1,3/15/2023 11:57:43 AM,3/15/2023 11:57:45 AM,
957f13ff-14c4-4a16-9f32-d5743dfc00a2,EUR/GBP,0.8805,Sell,0,1,3/14/2023 1:05:43 PM,3/15/2023 11:46:05 AM,
604fab66-e98d-4265-b984-c0f152a6af45,EUR/CHF,0.9813,Sell,0,1,3/14/2023 3:08:49 PM,3/15/2023 10:38:22 AM,
df368a0d-f1e5-432e-8d64-bb29c9411e4b,EUR/USD,1.0751,Buy,1,0,3/15/2023 3:56:01 AM,3/15/2023 9:28:12 AM,
f1bb7806-ae65-40c1-a664-8cfe92e24e25,Gold,1907.74,Sell,0,1,3/14/2023 3:35:49 PM,3/15/2023 7:36:53 AM,
15f85a97-6993-4eea-b236-092b228da813,USD/JPY,134.3,Sell,1,0,3/15/2023 4:04:47 AM,3/15/2023 6:10:31 AM,
cbd67214-dfee-480c-9ad2-5e94d65b0fb2,EUR/CHF,0.978,Sell,1,0,3/14/2023 1:00:27 PM,3/14/2023 2:46:51 PM,
21897c1d-7534-48db-bfc1-4608bba96163,EUR/USD,1.0705,Buy,0,1,3/14/2023 3:53:00 AM,3/14/2023 12:33:03 PM,
5348615c-5e0e-4f36-877d-28d4a9080406,ETH/USD,1603.08,Buy,0,1,3/13/2023 2:28:49 AM,3/14/2023 12:30:50 PM,
b427e863-6e29-4f64-bab7-f23ee05d2dbd,EUR/CHF,0.9784,Sell,0,1,3/13/2023 9:48:52 PM,3/14/2023 7:23:14 AM,
791189f9-a560-4200-b1fe-e978696b8569,BTC/USD,19748,Buy,0,1,3/10/2023 3:00:21 PM,3/14/2023 5:11:13 AM,
71161d44-efd1-45f4-8115-14294798b6cc,Gold,1905.77,Sell,0,1,3/14/2023 3:29:47 AM,3/14/2023 4:00:54 AM,
e102af88-69be-46a5-87d9-21c3d92f2827,EUR/USD,1.0743,Sell,0,1,3/13/2023 5:33:13 PM,3/14/2023 12:07:21 AM,
adc2c169-1807-43d2-b800-e0e1b958004f,Gold,1906.51,Buy,0,1,3/13/2023 4:07:34 PM,3/13/2023 5:00:45 PM,
de4a4b26-0f74-4bca-a5ca-11100f22cb8e,Gold,1895.32,Buy,0,1,3/13/2023 1:07:56 PM,3/13/2023 1:40:03 PM,
ba7ff969-479d-4ba8-9d3f-28f969014336,USD/JPY,132.86,Sell,0,1,3/13/2023 1:03:02 PM,3/13/2023 1:16:04 PM,
5db98b87-7d26-45b4-9bdd-43cde9481751,AUD/USD,0.665,Sell,0,1,3/13/2023 9:10:01 AM,3/13/2023 10:14:20 AM,
0d039056-59e1-49a9-a3f2-e631cb6aad59,USD/CAD,1.3744,Buy,0,1,3/13/2023 9:11:26 AM,3/13/2023 10:02:07 AM,
f45b5321-2807-4e59-b055-2ff5ba1dacce,Gold,1880.1,Buy,0,1,3/13/2023 2:31:10 AM,3/13/2023 2:58:51 AM,
67301660-7730-4b6a-b9d4-34ae36eb26d7,USD/JPY,134.76,Sell,0,1,3/10/2023 8:43:11 PM,3/12/2023 9:02:29 PM,
c3150c3a-1e37-4893-b397-12955c8850ae,AUD/USD,0.6614,Sell,0,1,3/10/2023 2:53:35 PM,3/10/2023 6:41:11 PM,
c8d47509-0bb5-4663-9134-69d3c5c79f91,USD/CAD,1.3791,Buy,0,1,3/10/2023 2:57:10 PM,3/10/2023 6:23:18 PM,
7945fbd1-5362-4675-9a23-c2f713a53c69,Gold,1828.75,Sell,1,0,3/9/2023 4:48:25 PM,3/10/2023 1:43:20 PM,
f382ea5d-fb42-4676-8cbc-c216c9044c0c,EUR/USD,1.059,Buy,0,1,3/10/2023 7:08:19 AM,3/10/2023 1:31:37 PM,
0c9edf31-ee14-49b0-9b9e-6f3d479517ae,EUR/GBP,0.8884,Buy,1,0,3/9/2023 12:54:52 PM,3/10/2023 9:41:56 AM,
2dce03ed-5017-4b7e-afa0-2e6f1273c685,GBP/USD,1.194,Buy,0,1,3/10/2023 7:11:05 AM,3/10/2023 9:38:08 AM,
bdce6a8d-b23a-4704-b0c3-5dc027788959,USD/JPY,136.14,Buy,0,1,3/9/2023 10:55:33 PM,3/10/2023 2:30:28 AM,
9bb495e4-a0b6-4d69-a4e5-02fa4b850f64,AUD/USD,0.66,Sell,0,1,3/8/2023 11:51:27 AM,3/10/2023 2:25:35 AM,
3aca9cea-2a76-4885-8714-fbe809d653b0,ETH/USD,1654.5,Buy,1,0,2/7/2023 9:52:35 PM,3/9/2023 8:41:48 PM,
0ea5bbc5-649b-46b1-981d-cb3742cc4ee0,BTC/USD,23312.5,Buy,1,0,3/2/2023 1:31:32 PM,3/9/2023 6:30:05 PM,
e13d4fd6-6ad7-4f01-afd3-a0c7e3fc1e43,EUR/USD,1.0553,Buy,0,1,3/9/2023 6:11:20 AM,3/9/2023 2:47:30 PM,
de35f766-675c-4c32-95d9-3ebf671c9dab,Gold,1813.14,Buy,0,1,3/9/2023 5:53:19 AM,3/9/2023 1:34:09 PM,
1cf1e9e9-b174-4b64-a528-5283c52965e0,EUR/GBP,0.8917,Sell,0,1,3/8/2023 7:19:44 AM,3/9/2023 8:37:49 AM,
7055947c-36c0-46d1-b944-850358d26172,Gold,1822.67,Sell,0,1,3/8/2023 3:29:28 PM,3/8/2023 6:03:16 PM,
5d54df5e-2722-4bbe-b417-3d31d08609a7,Gold,1809.6,Buy,0,1,3/8/2023 5:21:02 AM,3/8/2023 2:45:32 PM,
8911e149-236a-407c-8c78-b19ce31bdd23,EUR/USD,1.0618,Sell,0,1,3/7/2023 3:37:48 PM,3/7/2023 3:53:30 PM,
20e65298-6cee-40ac-a26f-53109fbc4e29,AUD/USD,0.6665,Sell,0,1,3/7/2023 12:39:27 PM,3/7/2023 3:01:42 PM,
5306dcd2-d2ae-4845-bcb1-3c37b0912845,Gold,1850,Buy,1,0,3/6/2023 11:09:16 AM,3/7/2023 1:26:42 PM,
c1904532-36a3-4d00-bbec-ad8b8a04d3b6,EUR/USD,1.0689,Sell,0,1,3/7/2023 5:19:30 AM,3/7/2023 9:44:23 AM,
29282a1e-fed2-4ddf-8fb4-728188a78032,EUR/USD,1.074,Sell,0,1,3/7/2023 5:15:09 AM,3/7/2023 5:15:10 AM,
84d4d4c8-367b-4b9e-ad5b-abf964539f55,AUD/USD,0.6736,Sell,0,1,3/6/2023 3:57:40 PM,3/7/2023 3:47:25 AM,
df710fc3-6bd0-4795-ad3a-a7575c36d170,USOil,78.636,Sell,1,0,3/6/2023 1:06:51 PM,3/6/2023 2:14:45 PM,
0991801a-2c54-4bf1-b121-9276d865cd84,NZD/USD,0.6255,Sell,0,1,3/1/2023 4:08:43 PM,3/6/2023 11:46:42 AM,
ac98c563-c9a5-4c0e-9c21-808c860cf53a,AUD/USD,0.6749,Sell,0,1,3/3/2023 1:12:35 PM,3/6/2023 11:46:42 AM,
5cf5af81-1d78-4ca1-bf2b-179cdddaa066,USOil,77.81,Sell,0,1,3/2/2023 1:44:33 PM,3/3/2023 1:57:05 PM,
ad0aab75-2ec3-4c2d-b101-640ff411d205,Gold,1838.66,Buy,0,1,3/3/2023 5:39:51 AM,3/3/2023 9:08:27 AM,
79ba9d7c-676c-45c8-8bef-bb524cc7e328,USD/CHF,0.9406,Sell,0,1,3/3/2023 5:55:53 AM,3/3/2023 8:42:58 AM,
58cf7da7-8329-4f42-b007-5008a15706f3,Gold,1831.1,Buy,0,1,3/2/2023 4:39:46 AM,3/3/2023 12:02:05 AM,
041a9c05-641a-4635-8762-fb9544ccbbd9,Gold,1831.35,Buy,0,1,3/2/2023 1:43:34 PM,3/2/2023 2:05:35 PM,
69c95232-20f5-4565-a678-a55b076d29b6,EUR/USD,1.063,Buy,1,0,3/2/2023 4:42:38 AM,3/2/2023 1:31:44 PM,
ee341270-0b03-4e58-8b8c-2748ca91d06d,USD/CAD,1.3602,Buy,0,1,3/1/2023 4:04:19 PM,3/2/2023 8:10:29 AM,
4a0970f7-494e-4ccd-8e41-aa921b051f84,AUD/USD,0.676,Sell,0,1,3/1/2023 4:39:50 PM,3/2/2023 1:42:47 AM,
626c11f8-2bdf-485a-b7c5-1e682de88122,USD/CAD,1.3642,Buy,1,0,3/1/2023 3:10:58 PM,3/1/2023 3:46:43 PM,
c99f9f83-449a-48ec-be29-a486d5298f21,GBP/USD,1.2062,Buy,1,0,3/1/2023 12:40:41 PM,3/1/2023 1:46:59 PM,
1f9d9b02-a574-467e-8411-ed78c5c360e1,USD/CAD,1.362,Sell,0,1,3/1/2023 5:47:50 AM,3/1/2023 12:25:19 PM,
e08b803b-9983-4f33-b585-61ad6469d297,Gold,1824,Sell,1,0,2/28/2023 3:04:44 PM,3/1/2023 11:34:33 AM,
9874e48d-9cca-40c0-941e-273f5d096ef7,USD/CHF,0.9396,Sell,0,1,3/1/2023 6:33:17 AM,3/1/2023 11:00:05 AM,
f258a2ca-f584-4b19-aa8c-842388fb4be6,EUR/USD,1.0595,Sell,1,0,3/1/2023 5:46:05 AM,3/1/2023 7:55:06 AM,
7bbba722-66a0-44d8-8242-99521843ddb4,AUD/USD,0.6732,Sell,0,1,2/27/2023 4:07:06 PM,3/1/2023 12:42:34 AM,
605cb4ea-d645-4fed-9e0b-c39be3e94f0b,EUR/USD,1.0622,Sell,0,1,2/28/2023 1:18:40 PM,2/28/2023 6:17:27 PM,
6d682f5a-fef2-4915-a210-ba712adc6ad5,NZD/USD,0.616,Sell,1,0,2/28/2023 12:50:25 PM,2/28/2023 4:06:03 PM,
705b0d3d-cbff-4526-81c4-e8cf6bb17e26,Gold,1811,Sell,1,0,2/27/2023 6:14:05 AM,2/28/2023 3:07:31 PM,
3db67bf6-d7d9-4754-9795-d8f5ee366a53,NZD/USD,0.6164,Sell,0,1,2/27/2023 8:36:19 PM,2/28/2023 8:19:23 AM,
f105424e-b538-446b-bcde-63582ab6df90,USD/CHF,0.9359,Buy,0,1,2/28/2023 5:01:11 AM,2/28/2023 7:59:03 AM,
385e17cc-f282-49e5-8df4-341bbf97a7eb,Gold,1816.03,Sell,0,1,2/27/2023 4:04:50 PM,2/27/2023 4:33:01 PM,
2aadf2bb-1912-4c1e-825b-668ce321939a,EUR/USD,1.0558,Sell,1,0,2/27/2023 1:04:35 PM,2/27/2023 3:15:17 PM,
929beb02-fc84-48e8-8244-5f3041884216,USD/JPY,136.36,Buy,1,0,2/24/2023 5:32:02 PM,2/27/2023 1:48:33 PM,
8076deea-4d40-4f7c-b66a-817cf7d15ccf,USD/CAD,1.362,Buy,1,0,2/27/2023 5:31:13 AM,2/27/2023 1:09:34 PM,
7e579d5b-47cc-443c-9a88-d8513e3de445,BTC/USD,24114.1,Sell,0,1,2/22/2023 4:50:04 AM,2/24/2023 3:39:38 PM,
059adcec-5bea-484a-868e-a435d0db9e48,USD/CAD,1.3634,Buy,0,1,2/24/2023 2:14:43 PM,2/24/2023 2:50:06 PM,
db982b21-cd91-4177-8fd4-dc28269da784,USOil,75.624,Sell,0,1,2/23/2023 11:26:35 PM,2/24/2023 2:23:48 PM,
3596a108-5f30-440d-90db-9fbad12ce49d,AUD/USD,0.6813,Sell,0,1,2/24/2023 5:00:04 AM,2/24/2023 8:11:13 AM,
180d855e-61e1-4313-a9c9-40e8bf9825bb,Gold,1826.1,Sell,0,1,2/24/2023 4:50:22 AM,2/24/2023 7:27:41 AM,
d328e75b-c34a-44a7-a65e-fb9ce3236a0a,USD/JPY,134.83,Buy,1,0,2/23/2023 4:09:50 PM,2/23/2023 11:17:11 PM,
182334d2-262d-48ee-aacc-2c66fdf7d3c8,AUD/USD,0.6822,Sell,0,1,2/23/2023 5:42:24 AM,2/23/2023 4:41:26 PM,
fa1f4cc1-2965-40d5-9c21-89b37566d57f,Gold,1826.86,Sell,0,1,2/23/2023 1:58:50 PM,2/23/2023 2:02:58 PM,
24dc104e-b3c7-44cd-97db-09fb2c46db06,NZD/USD,0.624,Sell,0,1,2/22/2023 4:11:40 PM,2/23/2023 1:38:37 PM,
f2fec95c-defc-4433-8565-a159297decb8,GBP/USD,1.2056,Sell,0,1,2/23/2023 5:32:14 AM,2/23/2023 9:21:14 AM,
ddfd2f38-d379-44fb-9e22-ba11aaf010d5,Gold,1828.48,Sell,1,0,2/23/2023 5:14:35 AM,2/23/2023 6:34:46 AM,
07769dfa-acce-4b62-8250-d10b1710e0ca,EUR/USD,1.0653,Sell,0,1,2/22/2023 5:19:51 AM,2/22/2023 4:13:28 PM,
e6eb4298-0a86-41ae-9737-2d1d3e0a27c4,AUD/USD,0.6842,Sell,0,1,2/22/2023 12:52:55 PM,2/22/2023 3:16:44 PM,
eb718045-2c90-4aa2-b6bc-cadf15244c4f,Gold,1836.11,Sell,0,1,2/22/2023 9:52:11 AM,2/22/2023 10:26:18 AM,
5cb5b439-43d0-4dd2-a5a8-6a1da5ae71c8,Gold,1837.15,Sell,0,1,2/22/2023 2:56:32 AM,2/22/2023 8:40:21 AM,
e24f221a-720e-473f-abd5-2ea2c0b66030,BTC/USD,24054.1,Sell,0,1,2/22/2023 4:48:54 AM,2/22/2023 4:48:57 AM,
a05c538d-5ba1-404a-8737-d84d8814aba5,Gold,1834.37,Sell,1,0,2/21/2023 4:58:29 PM,2/22/2023 1:34:26 AM,
eb124a3f-ac97-421f-bcf7-b34c87730e2a,EUR/USD,1.0669,Sell,0,1,2/21/2023 4:24:33 AM,2/21/2023 6:40:44 PM,
684c58da-439e-4873-b6b1-e38340206cbf,NZD/USD,0.6239,Sell,0,1,2/20/2023 3:18:37 AM,2/21/2023 5:13:04 PM,
96033c00-5824-4611-aaa4-ffe5347a2992,EUR/USD,1.0668,Sell,0,1,2/17/2023 4:18:20 PM,2/21/2023 12:51:13 PM,
ae026eaa-a33a-4832-b142-86398a61ed3a,EUR/GBP,0.8902,Buy,1,0,2/17/2023 11:37:34 AM,2/21/2023 9:30:48 AM,
b41259d4-140c-4457-9ae5-553f31882d44,AUD/USD,0.6899,Sell,0,1,2/21/2023 4:33:36 AM,2/21/2023 8:30:53 AM,
06861af6-9b63-4e97-8c8d-02853bb70827,Gold,1842.25,Sell,0,1,2/17/2023 5:52:32 PM,2/21/2023 7:48:55 AM,
f6dffcaa-9f0d-44f8-9f48-bdacca15617c,USD/JPY,134.2,Sell,1,0,2/20/2023 4:26:45 AM,2/21/2023 7:40:23 AM,
02cb6735-b54e-4f47-96d2-985048d2b1f1,USD/JPY,134.03,Buy,0,1,2/20/2023 1:16:21 PM,2/20/2023 4:27:14 PM,
8e17496f-9a08-4035-a130-f06cb55f1166,BTC/USD,24410.01,Buy,0,1,2/20/2023 4:25:04 AM,2/20/2023 4:57:08 AM,
e836672f-5666-4b19-9aea-7b559c97ede9,AUD/USD,0.6857,Sell,1,0,2/17/2023 4:25:22 PM,2/20/2023 4:21:47 AM,
4c11b566-720e-45c6-a8cc-28cfb79ae221,BTC/USD,24389.2,Buy,0,1,2/20/2023 4:12:30 AM,2/20/2023 4:12:31 AM,
9f86e91f-2bdf-4c51-b24a-49c6e22b7920,EUR/USD,1.0633,Sell,1,0,2/17/2023 11:35:14 AM,2/17/2023 3:19:54 PM,
da65868e-1cad-4bb0-83c8-15c4f074b415,Gold,1829.12,Sell,0,1,2/17/2023 2:15:12 PM,2/17/2023 2:31:21 PM,
35c1fa87-53e7-44e7-b081-bc50a00ba996,GBP/USD,1.195,Sell,0,1,2/17/2023 4:58:25 AM,2/17/2023 8:04:59 AM,
767ae67e-b8e8-4fa5-b7b3-9be8bdd1f0a4,Gold,1827.04,Sell,0,1,2/17/2023 4:34:09 AM,2/17/2023 6:32:19 AM,
a69b7058-39df-4596-b172-8b84176f1b41,EUR/USD,1.0743,Sell,0,1,2/14/2023 8:07:06 PM,2/17/2023 4:36:46 AM,
633e1fbe-be05-42da-8fcf-7e132bd1b413,EUR/USD,1.0646,Sell,0,1,2/17/2023 4:34:29 AM,2/17/2023 4:34:45 AM,
a15b4509-7607-450a-99f9-1c887f2402ef,AUD/USD,0.6884,Buy,1,0,2/16/2023 9:57:58 PM,2/17/2023 4:25:09 AM,
7910e60e-47b4-47c9-b3be-45ca0d633672,BTC/USD,24415.2,Buy,1,0,2/16/2023 5:42:31 AM,2/17/2023 12:01:58 AM,
b0911fe7-acee-4d50-b0e8-063cf65a1269,Gold,1844.57,Sell,0,1,2/16/2023 6:23:15 PM,2/16/2023 9:00:17 PM,
cfe4a0bd-d539-4ea5-b55f-81243541d3c7,Gold,1834.12,Sell,1,0,2/16/2023 3:47:25 PM,2/16/2023 4:32:06 PM,
8550f48f-ca55-4c87-9559-3844d500ba63,NZD/USD,0.6284,Sell,0,1,2/15/2023 10:45:05 PM,2/16/2023 2:27:15 PM,
81ec476d-7265-4e4f-9d94-ef2b57c3eb92,Gold,1839.19,Sell,0,1,2/16/2023 5:28:37 AM,2/16/2023 1:48:26 PM,
e475b430-6a37-467e-920a-7b905199cf8d,Gold,1834.68,Sell,1,0,2/15/2023 5:30:05 PM,2/16/2023 1:32:20 AM,
9141ebd0-3f3d-4f35-a9cc-e46e9e8e1fe3,BTC/USD,22613.89,Buy,0,1,1/25/2023 4:31:21 PM,2/16/2023 12:19:26 AM,
e19be150-005f-47fc-9840-70de35c6297c,AUD/USD,0.6904,Sell,0,1,2/15/2023 11:32:47 AM,2/15/2023 2:23:38 PM,
d918bc76-b3a3-4f26-870a-1f4b9ae2b812,Gold,1842.51,Sell,0,1,2/15/2023 6:48:53 AM,2/15/2023 7:34:17 AM,
a2f68129-cf40-4cb6-ac9c-6642d432581b,Gold,1845.52,Sell,0,1,2/15/2023 6:10:02 AM,2/15/2023 6:45:45 AM,
c3b347b9-c9ca-4739-9d71-9c9b1c2ba5f5,USD/JPY,132.4,Buy,0,1,2/14/2023 3:14:56 PM,2/14/2023 3:32:19 PM,
baa059e9-306c-45d2-be4c-af9500faff2a,Gold,1857.21,Sell,0,1,2/14/2023 1:32:09 PM,2/14/2023 2:30:13 PM,
a343f73a-598d-42cc-b901-dbe84f8eb5b6,EUR/GBP,0.8835,Sell,0,1,2/10/2023 2:06:19 PM,2/14/2023 1:32:28 PM,
a3a94c12-89aa-4972-980d-3de8bc339dd5,EUR/USD,1.0716,Sell,1,0,2/13/2023 6:13:52 PM,2/14/2023 9:26:00 AM,
1da4e7ec-7fbe-4c12-bdf7-e20b423d19ec,GBP/USD,1.2137,Sell,1,0,2/14/2023 8:02:36 AM,2/14/2023 9:00:09 AM,
320a466e-570d-47b6-a983-3638d0307ef8,Gold,1857.81,Buy,0,1,2/14/2023 5:14:55 AM,2/14/2023 6:34:13 AM,
80ce1694-bd0d-48cf-9735-8b4d5703dc15,USD/CHF,0.9216,Sell,0,1,2/13/2023 12:56:09 PM,2/13/2023 11:58:38 PM,
1177e0c4-55fc-436a-b286-56056d51da0e,Gold,1860.1,Sell,0,1,2/13/2023 4:41:39 AM,2/13/2023 4:58:13 PM,
c8556c2c-4a46-4d27-a91a-7920fd18a7ea,EUR/USD,1.0671,Sell,1,0,2/13/2023 5:17:53 AM,2/13/2023 3:26:11 PM,
9df429ba-4cb8-4acb-bb89-ef4d0e18d554,USD/JPY,131.17,Buy,0,1,2/8/2023 1:16:29 PM,2/13/2023 3:43:01 AM,
a9d911e1-a584-4464-ae8c-9ff95500034f,EUR/USD,1.0722,Sell,0,1,2/10/2023 4:35:02 AM,2/10/2023 12:35:41 PM,
dc433edc-af55-4def-92f2-24c415dad9b1,USOil,77.398,Sell,1,0,2/9/2023 3:42:23 PM,2/10/2023 8:28:12 AM,
d4af0432-060e-46e3-ad03-9364748156b8,Gold,1856.91,Sell,1,0,2/10/2023 4:25:28 AM,2/10/2023 8:08:25 AM,
36f8854f-b7e3-45d8-91fe-a64e968a57f3,Gold,1882.45,Sell,0,1,2/9/2023 1:37:52 PM,2/9/2023 3:32:43 PM,
fce77005-2dec-474e-8334-77875005f518,Gold,1883.47,Sell,0,1,2/9/2023 1:13:25 PM,2/9/2023 1:22:06 PM,
6a67ab0e-5352-4342-a5fa-91352d44bfa5,Gold,1877.51,Buy,0,1,2/9/2023 5:54:03 AM,2/9/2023 10:51:28 AM,
7465a45b-1440-40ab-9e6c-789f10cc02fb,EUR/USD,1.0734,Buy,0,1,2/9/2023 6:11:16 AM,2/9/2023 9:08:26 AM,
d10783f3-3562-4acd-9be6-a2a4b837be9b,USOil,77.47,Sell,1,0,2/8/2023 4:43:44 PM,2/9/2023 8:15:43 AM,
e83d28c8-027d-496d-b255-61b7ef242a71,EUR/GBP,0.8904,Sell,0,1,2/7/2023 3:57:25 PM,2/8/2023 9:45:54 PM,
83442fa8-9c73-4d27-96d4-f74114107d11,Gold,1876.18,Sell,0,1,2/8/2023 4:29:49 PM,2/8/2023 4:35:56 PM,
1e3a448e-7441-4533-8427-98c67d15ad4d,Gold,1874.08,Sell,1,0,2/8/2023 3:59:19 PM,2/8/2023 4:20:32 PM,
268ee79c-c0bb-4970-a977-6d78b98ca9c9,EUR/USD,1.0727,Buy,0,1,2/8/2023 5:25:42 AM,2/8/2023 7:59:19 AM,
6acee74c-832d-4716-8afb-7863da577cc3,Gold,1874.11,Buy,0,1,2/8/2023 5:15:04 AM,2/8/2023 7:49:01 AM,
b6a2cb81-6f34-433d-a2d3-4163bc94c385,Gold,1875.71,Buy,0,1,2/6/2023 4:17:31 AM,2/7/2023 5:49:00 PM,
0bf4c89f-17da-403e-a1ba-2d56bc2acae5,USD/CAD,1.344,Buy,1,0,2/7/2023 5:42:02 PM,2/7/2023 5:48:50 PM,
7e9d6455-a56f-4139-92a3-8905ec6103ab,USD/CHF,0.9252,Sell,0,1,2/6/2023 4:36:50 AM,2/7/2023 5:45:45 PM,
9ca7f0f8-5cea-4348-977c-686c274eafd4,NZD/USD,0.6306,Sell,0,1,2/6/2023 9:49:24 PM,2/7/2023 3:13:24 PM,
21c66fc0-7fca-411c-b5ea-112928d7214b,AUD/USD,0.6924,Sell,0,1,2/7/2023 12:53:44 PM,2/7/2023 3:01:07 PM,
36f9bb86-a7a2-4014-a8f3-29f566b5c926,GBP/USD,1.2062,Buy,1,0,2/6/2023 4:37:14 AM,2/6/2023 3:37:05 PM,
60275458-4dc8-4456-a499-9a6c723b2fc4,USOil,74.35,Sell,0,1,2/6/2023 1:54:00 PM,2/6/2023 3:04:15 PM,
fafaa2a2-a4e1-4bdb-8e84-617fcaf93e31,Gold,1866.38,Sell,0,1,2/3/2023 8:45:50 PM,2/5/2023 11:00:21 PM,
439cb871-7a98-49e1-98d7-f7b55617e995,ETH/USD,1644.61,Sell,1,0,2/3/2023 4:56:06 AM,2/4/2023 1:05:35 PM,
3544fb05-beab-4dcd-95a3-b2e352b0a9b0,Gold,1879.47,Sell,0,1,2/3/2023 3:21:12 PM,2/3/2023 3:24:45 PM,
58e48883-a02a-4e13-900e-ba7dbb79371d,USOil,76.126,Sell,1,0,2/2/2023 4:04:11 PM,2/3/2023 2:58:50 PM,
af8c3320-5173-444c-8447-8a53b36fbab6,EUR/CHF,0.9989,Sell,1,0,2/3/2023 1:19:52 PM,2/3/2023 2:31:32 PM,
e75febfd-8434-4e1b-ba92-bc77f9c89f83,Gold,1914.11,Buy,1,0,2/3/2023 4:54:55 AM,2/3/2023 1:31:39 PM,
6791681a-2287-4230-9c8a-6d870911a08c,EUR/USD,1.0933,Sell,0,1,2/2/2023 4:18:38 PM,2/3/2023 12:01:42 AM,
d5b36aff-1dc0-4ee9-a1c7-68bf23f6249f,Gold,1940,Buy,1,0,2/2/2023 2:42:11 PM,2/2/2023 2:58:05 PM,
674039a2-b415-46ea-94bf-173e4061f263,USOil,81.55,Sell,0,1,1/26/2023 1:22:19 PM,2/2/2023 2:54:00 PM,
7c91f8e1-e840-4e5a-89da-863e32ee5873,EUR/USD,1.095,Sell,0,1,2/2/2023 2:00:31 PM,2/2/2023 2:37:46 PM,
ec8df14f-467a-4e86-be81-10305fa25249,Gold,1952.26,Sell,0,1,2/2/2023 4:23:00 AM,2/2/2023 2:01:46 PM,
1ef96031-e25d-4883-b132-5e650830f11c,EUR/USD,1.1024,Buy,1,0,2/2/2023 4:48:44 AM,2/2/2023 10:26:47 AM,
bb62deb7-bd2c-4ced-a98b-b9f61015eaa4,GBP/USD,1.229,Buy,0,1,2/1/2023 7:00:46 PM,2/1/2023 7:40:01 PM,
18decd0e-5661-4c1e-8aba-f26a61783a9e,Gold,1924.63,Buy,0,1,2/1/2023 5:41:05 PM,2/1/2023 6:29:29 PM,
f8911ee9-7c10-44f3-9034-94df5dc6b7d1,Gold,1927.38,Buy,0,1,2/1/2023 1:40:38 PM,2/1/2023 1:46:32 PM,
72bad0b6-05ed-408c-84f5-39644ad7fa1d,USD/JPY,130.05,Sell,0,1,1/27/2023 4:04:28 AM,2/1/2023 1:20:25 PM,
f1d342e8-175d-484f-9bea-848083a27c36,EUR/USD,1.085,Sell,1,0,1/31/2023 3:23:12 PM,2/1/2023 10:11:57 AM,
3b26708c-eb7c-494f-b333-948cc55a20a4,EUR/GBP,0.8798,Sell,1,0,1/30/2023 1:48:40 PM,2/1/2023 9:01:40 AM,
17613b51-fb25-456e-863a-cc02e93d4960,Gold,1926.88,Sell,0,1,2/1/2023 5:38:53 AM,2/1/2023 8:02:58 AM,
eede6d7a-6ab1-48fb-87b7-fd9ac03033ab,USD/CAD,1.341,Buy,1,0,1/31/2023 2:10:47 PM,1/31/2023 3:37:03 PM,
e9804b8b-6256-4c4d-8dfb-5e78471f9520,EUR/USD,1.085,Sell,0,1,1/31/2023 4:54:06 AM,1/31/2023 8:11:28 AM,
b8bf883f-e82c-4949-b8cd-2718540aa53e,Gold,1927.71,Buy,1,0,1/26/2023 5:20:20 PM,1/31/2023 6:07:37 AM,
ee823bbf-6920-417d-893f-88333a65fb75,ETH/USD,1616.95,Buy,1,0,1/30/2023 4:18:02 AM,1/30/2023 12:01:18 PM,
28aecc35-6b0b-49f8-ba80-c1dad8fdedb3,EUR/USD,1.087,Buy,0,1,1/30/2023 4:37:17 AM,1/30/2023 9:49:33 AM,
272134a1-ab91-43f9-b46a-0a762b2a91b7,EUR/USD,1.0874,Sell,0,1,1/27/2023 5:21:10 AM,1/27/2023 3:47:14 PM,
97b79f7a-3930-4123-8c9a-9a5f770f3dc7,ETH/USD,1604.6,Sell,0,1,1/27/2023 5:01:48 AM,1/27/2023 11:00:04 AM,
ee1c9489-7a99-43f1-8efa-c0edf686bf3e,EUR/USD,1.0861,Buy,0,1,1/26/2023 4:44:29 PM,1/26/2023 8:13:55 PM,
2d422ceb-a377-47f0-b531-9715bbadd4b9,EUR/GBP,0.8824,Buy,1,0,1/25/2023 1:46:11 PM,1/26/2023 4:35:56 PM,
c841612c-3d8a-482c-9303-9f1634b621ea,AUD/USD,0.7104,Buy,0,1,1/26/2023 10:05:25 AM,1/26/2023 2:05:48 PM,
805692dc-8974-4a05-add1-fceb9fcb6a61,EUR/USD,1.0867,Buy,0,1,1/25/2023 12:04:47 PM,1/26/2023 9:59:44 AM,
64a41a88-e538-46b1-a2c0-5f1de72a90cf,Gold,1946.16,Sell,0,1,1/26/2023 5:24:54 AM,1/26/2023 9:18:20 AM,
14be74b5-982b-48f5-b41b-dbd0a96ebdb3,ETH,1610.3,Buy,1,0,1/26/2023 4:51:33 AM,1/26/2023 4:51:34 AM,
ccdcafdf-31e4-47f1-9456-cb3bcf58bf43,Gold,1928.48,Sell,0,1,1/25/2023 5:02:14 AM,1/25/2023 2:00:09 PM,
8887007e-d98c-43eb-b9f9-618e75b77d15,USD/JPY,130.51,Sell,0,1,1/25/2023 4:56:02 AM,1/25/2023 11:16:03 AM,
4e740b6e-ac1b-4bae-87a7-790646a9de2f,EUR/USD,1.0864,Buy,0,1,1/24/2023 1:51:27 PM,1/25/2023 1:56:44 AM,
569b7a83-11b2-4bf6-83d0-347313f38f4d,Gold,1931.86,Buy,0,1,1/24/2023 4:57:01 PM,1/24/2023 5:41:57 PM,
da545d16-8df9-4837-a061-0a9ae91acde9,AUD/USD,0.7009,Buy,0,1,1/24/2023 2:55:37 PM,1/24/2023 3:25:54 PM,
12774041-b6f1-4f95-a79a-0c1cb8db5c1a,EUR/GBP,0.878,Buy,1,0,1/24/2023 9:31:04 AM,1/24/2023 9:31:07 AM,
9a542263-63b8-417d-b0b2-480685ac9d9b,EUR/GBP,0.8779,Buy,1,0,1/24/2023 9:29:29 AM,1/24/2023 9:29:34 AM,
b7f3ee04-1728-4f4e-9db1-3367c61f9a85,EUR/GBP,0.8777,Buy,1,0,1/24/2023 9:23:38 AM,1/24/2023 9:23:39 AM,
7a87e8ee-80e0-4f34-a113-e571c5ed1b31,EUR/USD,1.0872,Sell,0,1,1/24/2023 9:16:29 AM,1/24/2023 9:16:33 AM,
76988d01-3d5c-4dbe-bb12-ab635e64e1cc,Gold,1937.81,Sell,0,1,1/24/2023 9:14:06 AM,1/24/2023 9:14:09 AM,
22b41b9c-b279-415b-9f87-1b9fa51bc5a6,Gold,1834.255,Sell,0,1,1/24/2023 4:43:04 AM,1/24/2023 4:43:07 AM,
970b08fe-dcf9-4cb7-9269-641fe83b3aa6,BTC,22916.5,Buy,1,0,1/23/2023 8:58:10 PM,1/23/2023 8:58:13 PM,
dabda557-2ef6-4bf2-b8cc-8a954b824ea1,NZD/USD,0.7034,Buy,1,0,6/6/2018 8:52:41 AM,1/23/2023 2:59:55 PM,
